above_threshold,ari,case_name,changepoints,duplicate_rate,duplicate_rate_conditional_on_hit,event_recall,experiment,f1,fn,fp,label_accuracy,localization_error,max_abs_error,max_score,mean_abs_error,mean_num_detections,mean_posterior_entropy,meta_ablation,meta_distance_type,meta_hazard,meta_horizon,meta_metric,meta_placeholder,meta_reason,meta_unavailable,meta_use_global,meta_use_prototypes,meta_variant,meta_window,method,nmi,num_detected,param_centered,param_d,param_delta,param_delta_rho,param_demeaned,param_epsilon,param_garch_noise,param_magnitude,param_mean_shift,param_mode_separation,param_n_after,param_n_before,param_n_changepoints,param_n_factors,param_n_per_segment,param_noise_level,param_nu,param_persistent,param_regime_duration,param_rho1,param_seed,param_serial_dependence,param_shift_family,param_shock_length,param_shock_type,param_signal_strength,param_similarity,param_sparsity,param_volatility_ratio,param_window_length,precision,recall,resource_name,resource_source,resource_url,threshold,tp,unavailable
,,gaussian_mean_variance,,,,,A1,0.0,1.0,0.0,,nan,nan,,nan,,,,,,,,,ruptures is not installed. Install with `pip install ruptures`.,True,,,,,pelt_l2,,,,5,,,,,,,0.2,,,,,,120,,,,,,0,,,,,,,,1.25,,0.0,0.0,PELT-L2,"Killick, Fearnhead, Eckley (2012); ruptures PELT documentation",https://ctruong.perso.math.cnrs.fr/ruptures-docs/build/html/detection/pelt.html,,0.0,1.0
,,gaussian_mean_variance,,,,,A1,0.0,1.0,0.0,,nan,nan,,nan,,,,,,,,,ruptures is not installed. Install with `pip install ruptures`.,True,,,,,pelt_normal,,,,5,,,,,,,0.2,,,,,,120,,,,,,0,,,,,,,,1.25,,0.0,0.0,PELT-normal,ruptures documentation,https://centre-borelli.github.io/ruptures-docs/,,0.0,1.0
,,gaussian_mean_variance,,,,,A1,0.0,1.0,0.0,,nan,nan,,nan,,,,,,,,,ruptures is not installed. Install with `pip install ruptures`.,True,,,,,pelt_rbf,,,,5,,,,,,,0.2,,,,,,120,,,,,,0,,,,,,,,1.25,,0.0,0.0,PELT-RBF,ruptures documentation,https://centre-borelli.github.io/ruptures-docs/,,0.0,1.0
,,gaussian_mean_variance,,,,,A1,0.0,1.0,0.0,,nan,nan,,nan,,,,,,,,,ruptures is not installed. Install with `pip install ruptures`.,True,,,,,binseg,,,,5,,,,,,,0.2,,,,,,120,,,,,,0,,,,,,,,1.25,,0.0,0.0,Binary Segmentation,ruptures documentation,https://centre-borelli.github.io/ruptures-docs/,,0.0,1.0
1.0,,gaussian_mean_variance,225,,,,A1,0.0,1.0,1.0,,nan,nan,10.892499142851324,nan,,,,,,,,,,,,,,,cusum_mean,,1.0,,5,,,,,,,0.2,,,,,,120,,,,,,0,,,,,,,,1.25,,0.0,0.0,CUSUM mean alarm,Classic cumulative-sum sequential monitoring,https://en.wikipedia.org/wiki/CUSUM,10.70773418393054,0.0,0.0
1.0,,gaussian_mean_variance,221,,,,A1,0.0,1.0,1.0,,nan,nan,26.737248453581763,nan,,,,,,,,,,,,,,,cusum_vol,,1.0,,5,,,,,,,0.2,,,,,,120,,,,,,0,,,,,,,,1.25,,0.0,0.0,CUSUM volatility alarm,Classic CUSUM applied to squared returns,https://en.wikipedia.org/wiki/CUSUM,26.06692601326984,0.0,0.0
0.0,,gaussian_mean_variance,,,,,A1,0.0,1.0,0.0,,nan,nan,0.008333333333333337,nan,,,,,0.008333333333333333,,,,,,,,,,bocpd_gaussian,,0.0,,5,,,,,,,0.2,,,,,,120,,,,,,0,,,,,,,,1.25,,0.0,0.0,Bayesian Online Change Point Detection,"Adams and MacKay, Bayesian Online Changepoint Detection, arXiv:0710.3742; dtolpin/bocd",https://arxiv.org/abs/0710.3742,0.5,0.0,0.0
1.0,,gaussian_mean_variance,191,,,,A1,0.0,1.0,1.0,,nan,nan,0.3265725569745057,nan,,,,,,,,,,,,,,,coordinate_w2_window_scan,,1.0,,5,,,,,,,0.2,,,,,,120,,,,,,0,,,,,,,,1.25,,0.0,0.0,Coordinate-wise W2 window scan,"Cheng et al., Optimal Transport Based Change Point Detection and Time Series Segment Clustering, arXiv:1911.01325",https://arxiv.org/abs/1911.01325,0.324824242601739,0.0,0.0
1.0,,gaussian_mean_variance,194,,,,A1,0.0,1.0,1.0,,nan,nan,0.29810508506878547,nan,,,,,,,,,,,,,,,coordinate_w2_matched_filter,,1.0,,5,,,,,,,0.2,,,,,,120,,,,,,0,,,,,,,,1.25,,0.0,0.0,Coordinate-wise W2 + matched filter,"Cheng et al., arXiv:1911.01325",https://arxiv.org/abs/1911.01325,0.2978811810661762,0.0,0.0
1.0,,gaussian_mean_variance,,,,,A1,0.0,1.0,0.0,,nan,nan,0.34966509330545026,nan,,,full,sliced,,80,sliced_wasserstein,False,,,True,True,proposed_full,30,proposed_full,,0.0,,5,,,,,,,0.2,,,,,,120,,,,,,0,,,,,,,,1.25,,0.0,0.0,Proposed: local + prototypes + global refinement,docs/proposed_method.md §0,docs/proposed_method.md,0.3171967289811054,0.0,0.0
1.0,,gaussian_mean_variance,,,,,A1,0.0,1.0,0.0,,nan,nan,0.34966509330545026,nan,,,local_only,sliced,,80,sliced_wasserstein,False,,,False,False,proposed_local_persistence_proxy,30,proposed_local_persistence_proxy,,0.0,,5,,,,,,,0.2,,,,,,120,,,,,,0,,,,,,,,1.25,,0.0,0.0,Proposed: local + persistence proxy,docs/experiment_plan.md §2.2,docs/experiment_plan.md,0.3171967289811054,0.0,0.0
,,gaussian_mean_variance,,,,,A1,0.0,1.0,0.0,,nan,nan,,nan,,,,,,,,,ruptures is not installed. Install with `pip install ruptures`.,True,,,,,pelt_l2,,,,5,,,,,,,0.2,,,,,,120,,,,,,1,,,,,,,,1.25,,0.0,0.0,PELT-L2,"Killick, Fearnhead, Eckley (2012); ruptures PELT documentation",https://ctruong.perso.math.cnrs.fr/ruptures-docs/build/html/detection/pelt.html,,0.0,1.0
,,gaussian_mean_variance,,,,,A1,0.0,1.0,0.0,,nan,nan,,nan,,,,,,,,,ruptures is not installed. Install with `pip install ruptures`.,True,,,,,pelt_normal,,,,5,,,,,,,0.2,,,,,,120,,,,,,1,,,,,,,,1.25,,0.0,0.0,PELT-normal,ruptures documentation,https://centre-borelli.github.io/ruptures-docs/,,0.0,1.0
,,gaussian_mean_variance,,,,,A1,0.0,1.0,0.0,,nan,nan,,nan,,,,,,,,,ruptures is not installed. Install with `pip install ruptures`.,True,,,,,pelt_rbf,,,,5,,,,,,,0.2,,,,,,120,,,,,,1,,,,,,,,1.25,,0.0,0.0,PELT-RBF,ruptures documentation,https://centre-borelli.github.io/ruptures-docs/,,0.0,1.0
,,gaussian_mean_variance,,,,,A1,0.0,1.0,0.0,,nan,nan,,nan,,,,,,,,,ruptures is not installed. Install with `pip install ruptures`.,True,,,,,binseg,,,,5,,,,,,,0.2,,,,,,120,,,,,,1,,,,,,,,1.25,,0.0,0.0,Binary Segmentation,ruptures documentation,https://centre-borelli.github.io/ruptures-docs/,,0.0,1.0
1.0,,gaussian_mean_variance,238,,,,A1,0.0,1.0,1.0,,nan,nan,20.994178183378203,nan,,,,,,,,,,,,,,,cusum_mean,,1.0,,5,,,,,,,0.2,,,,,,120,,,,,,1,,,,,,,,1.25,,0.0,0.0,CUSUM mean alarm,Classic cumulative-sum sequential monitoring,https://en.wikipedia.org/wiki/CUSUM,20.391880246856754,0.0,0.0
1.0,,gaussian_mean_variance,233,,,,A1,0.0,1.0,1.0,,nan,nan,186.45358079533804,nan,,,,,,,,,,,,,,,cusum_vol,,1.0,,5,,,,,,,0.2,,,,,,120,,,,,,1,,,,,,,,1.25,,0.0,0.0,CUSUM volatility alarm,Classic CUSUM applied to squared returns,https://en.wikipedia.org/wiki/CUSUM,185.6506112945748,0.0,0.0
0.0,,gaussian_mean_variance,,,,,A1,0.0,1.0,0.0,,nan,nan,0.008333333333333337,nan,,,,,0.008333333333333333,,,,,,,,,,bocpd_gaussian,,0.0,,5,,,,,,,0.2,,,,,,120,,,,,,1,,,,,,,,1.25,,0.0,0.0,Bayesian Online Change Point Detection,"Adams and MacKay, Bayesian Online Changepoint Detection, arXiv:0710.3742; dtolpin/bocd",https://arxiv.org/abs/0710.3742,0.5,0.0,0.0
1.0,,gaussian_mean_variance,114,,,,A1,1.0,0.0,0.0,,6.0,6.0,0.4373920082769329,6.0,,,,,,,,,,,,,,,coordinate_w2_window_scan,,1.0,,5,,,,,,,0.2,,,,,,120,,,,,,1,,,,,,,,1.25,,1.0,1.0,Coordinate-wise W2 window scan,"Cheng et al., Optimal Transport Based Change Point Detection and Time Series Segment Clustering, arXiv:1911.01325",https://arxiv.org/abs/1911.01325,0.4176029959657186,1.0,0.0
1.0,,gaussian_mean_variance,116,,,,A1,1.0,0.0,0.0,,4.0,4.0,0.33234702449524184,4.0,,,,,,,,,,,,,,,coordinate_w2_matched_filter,,1.0,,5,,,,,,,0.2,,,,,,120,,,,,,1,,,,,,,,1.25,,1.0,1.0,Coordinate-wise W2 + matched filter,"Cheng et al., arXiv:1911.01325",https://arxiv.org/abs/1911.01325,0.33120764815780956,1.0,0.0
1.0,,gaussian_mean_variance,,,,,A1,0.0,1.0,0.0,,nan,nan,0.46491358708765945,nan,,,full,sliced,,80,sliced_wasserstein,False,,,True,True,proposed_full,30,proposed_full,,0.0,,5,,,,,,,0.2,,,,,,120,,,,,,1,,,,,,,,1.25,,0.0,0.0,Proposed: local + prototypes + global refinement,docs/proposed_method.md §0,docs/proposed_method.md,0.444499074768173,0.0,0.0
1.0,,gaussian_mean_variance,,,,,A1,0.0,1.0,0.0,,nan,nan,0.46491358708765945,nan,,,local_only,sliced,,80,sliced_wasserstein,False,,,False,False,proposed_local_persistence_proxy,30,proposed_local_persistence_proxy,,0.0,,5,,,,,,,0.2,,,,,,120,,,,,,1,,,,,,,,1.25,,0.0,0.0,Proposed: local + persistence proxy,docs/experiment_plan.md §2.2,docs/experiment_plan.md,0.444499074768173,0.0,0.0
,,gaussian_mean_variance,,,,,A1,0.0,1.0,0.0,,nan,nan,,nan,,,,,,,,,ruptures is not installed. Install with `pip install ruptures`.,True,,,,,pelt_l2,,,,5,,,,,,,0.5,,,,,,120,,,,,,0,,,,,,,,1.5,,0.0,0.0,PELT-L2,"Killick, Fearnhead, Eckley (2012); ruptures PELT documentation",https://ctruong.perso.math.cnrs.fr/ruptures-docs/build/html/detection/pelt.html,,0.0,1.0
,,gaussian_mean_variance,,,,,A1,0.0,1.0,0.0,,nan,nan,,nan,,,,,,,,,ruptures is not installed. Install with `pip install ruptures`.,True,,,,,pelt_normal,,,,5,,,,,,,0.5,,,,,,120,,,,,,0,,,,,,,,1.5,,0.0,0.0,PELT-normal,ruptures documentation,https://centre-borelli.github.io/ruptures-docs/,,0.0,1.0
,,gaussian_mean_variance,,,,,A1,0.0,1.0,0.0,,nan,nan,,nan,,,,,,,,,ruptures is not installed. Install with `pip install ruptures`.,True,,,,,pelt_rbf,,,,5,,,,,,,0.5,,,,,,120,,,,,,0,,,,,,,,1.5,,0.0,0.0,PELT-RBF,ruptures documentation,https://centre-borelli.github.io/ruptures-docs/,,0.0,1.0
,,gaussian_mean_variance,,,,,A1,0.0,1.0,0.0,,nan,nan,,nan,,,,,,,,,ruptures is not installed. Install with `pip install ruptures`.,True,,,,,binseg,,,,5,,,,,,,0.5,,,,,,120,,,,,,0,,,,,,,,1.5,,0.0,0.0,Binary Segmentation,ruptures documentation,https://centre-borelli.github.io/ruptures-docs/,,0.0,1.0
1.0,,gaussian_mean_variance,237,,,,A1,0.0,1.0,1.0,,nan,nan,17.373473312695022,nan,,,,,,,,,,,,,,,cusum_mean,,1.0,,5,,,,,,,0.5,,,,,,120,,,,,,0,,,,,,,,1.5,,0.0,0.0,CUSUM mean alarm,Classic cumulative-sum sequential monitoring,https://en.wikipedia.org/wiki/CUSUM,16.819349221857383,0.0,0.0
1.0,,gaussian_mean_variance,225,,,,A1,0.0,1.0,1.0,,nan,nan,79.65236049886401,nan,,,,,,,,,,,,,,,cusum_vol,,1.0,,5,,,,,,,0.5,,,,,,120,,,,,,0,,,,,,,,1.5,,0.0,0.0,CUSUM volatility alarm,Classic CUSUM applied to squared returns,https://en.wikipedia.org/wiki/CUSUM,79.33392734091112,0.0,0.0
0.0,,gaussian_mean_variance,,,,,A1,0.0,1.0,0.0,,nan,nan,0.008333333333333337,nan,,,,,0.008333333333333333,,,,,,,,,,bocpd_gaussian,,0.0,,5,,,,,,,0.5,,,,,,120,,,,,,0,,,,,,,,1.5,,0.0,0.0,Bayesian Online Change Point Detection,"Adams and MacKay, Bayesian Online Changepoint Detection, arXiv:0710.3742; dtolpin/bocd",https://arxiv.org/abs/0710.3742,0.5,0.0,0.0
1.0,,gaussian_mean_variance,123,,,,A1,1.0,0.0,0.0,,3.0,3.0,0.5414225722575546,3.0,,,,,,,,,,,,,,,coordinate_w2_window_scan,,1.0,,5,,,,,,,0.5,,,,,,120,,,,,,0,,,,,,,,1.5,,1.0,1.0,Coordinate-wise W2 window scan,"Cheng et al., Optimal Transport Based Change Point Detection and Time Series Segment Clustering, arXiv:1911.01325",https://arxiv.org/abs/1911.01325,0.529230477560661,1.0,0.0
1.0,,gaussian_mean_variance,194,,,,A1,0.0,1.0,1.0,,nan,nan,0.42927132249905103,nan,,,,,,,,,,,,,,,coordinate_w2_matched_filter,,1.0,,5,,,,,,,0.5,,,,,,120,,,,,,0,,,,,,,,1.5,,0.0,0.0,Coordinate-wise W2 + matched filter,"Cheng et al., arXiv:1911.01325",https://arxiv.org/abs/1911.01325,0.4289489007352937,0.0,0.0
1.0,,gaussian_mean_variance,123,,,,A1,1.0,0.0,0.0,,3.0,3.0,0.5028351228934693,3.0,,,full,sliced,,80,sliced_wasserstein,False,,,True,True,proposed_full,30,proposed_full,,1.0,,5,,,,,,,0.5,,,,,,120,,,,,,0,,,,,,,,1.5,,1.0,1.0,Proposed: local + prototypes + global refinement,docs/proposed_method.md §0,docs/proposed_method.md,0.4717600601137962,1.0,0.0
1.0,,gaussian_mean_variance,,,,,A1,0.0,1.0,0.0,,nan,nan,0.5028351228934693,nan,,,local_only,sliced,,80,sliced_wasserstein,False,,,False,False,proposed_local_persistence_proxy,30,proposed_local_persistence_proxy,,0.0,,5,,,,,,,0.5,,,,,,120,,,,,,0,,,,,,,,1.5,,0.0,0.0,Proposed: local + persistence proxy,docs/experiment_plan.md §2.2,docs/experiment_plan.md,0.4717600601137962,0.0,0.0
,,gaussian_mean_variance,,,,,A1,0.0,1.0,0.0,,nan,nan,,nan,,,,,,,,,ruptures is not installed. Install with `pip install ruptures`.,True,,,,,pelt_l2,,,,5,,,,,,,0.5,,,,,,120,,,,,,1,,,,,,,,1.5,,0.0,0.0,PELT-L2,"Killick, Fearnhead, Eckley (2012); ruptures PELT documentation",https://ctruong.perso.math.cnrs.fr/ruptures-docs/build/html/detection/pelt.html,,0.0,1.0
,,gaussian_mean_variance,,,,,A1,0.0,1.0,0.0,,nan,nan,,nan,,,,,,,,,ruptures is not installed. Install with `pip install ruptures`.,True,,,,,pelt_normal,,,,5,,,,,,,0.5,,,,,,120,,,,,,1,,,,,,,,1.5,,0.0,0.0,PELT-normal,ruptures documentation,https://centre-borelli.github.io/ruptures-docs/,,0.0,1.0
,,gaussian_mean_variance,,,,,A1,0.0,1.0,0.0,,nan,nan,,nan,,,,,,,,,ruptures is not installed. Install with `pip install ruptures`.,True,,,,,pelt_rbf,,,,5,,,,,,,0.5,,,,,,120,,,,,,1,,,,,,,,1.5,,0.0,0.0,PELT-RBF,ruptures documentation,https://centre-borelli.github.io/ruptures-docs/,,0.0,1.0
,,gaussian_mean_variance,,,,,A1,0.0,1.0,0.0,,nan,nan,,nan,,,,,,,,,ruptures is not installed. Install with `pip install ruptures`.,True,,,,,binseg,,,,5,,,,,,,0.5,,,,,,120,,,,,,1,,,,,,,,1.5,,0.0,0.0,Binary Segmentation,ruptures documentation,https://centre-borelli.github.io/ruptures-docs/,,0.0,1.0
1.0,,gaussian_mean_variance,238,,,,A1,0.0,1.0,1.0,,nan,nan,57.33595760511828,nan,,,,,,,,,,,,,,,cusum_mean,,1.0,,5,,,,,,,0.5,,,,,,120,,,,,,1,,,,,,,,1.5,,0.0,0.0,CUSUM mean alarm,Classic cumulative-sum sequential monitoring,https://en.wikipedia.org/wiki/CUSUM,56.086593059475696,0.0,0.0
1.0,,gaussian_mean_variance,238,,,,A1,0.0,1.0,1.0,,nan,nan,319.55335691557514,nan,,,,,,,,,,,,,,,cusum_vol,,1.0,,5,,,,,,,0.5,,,,,,120,,,,,,1,,,,,,,,1.5,,0.0,0.0,CUSUM volatility alarm,Classic CUSUM applied to squared returns,https://en.wikipedia.org/wiki/CUSUM,319.1662909380344,0.0,0.0
0.0,,gaussian_mean_variance,,,,,A1,0.0,1.0,0.0,,nan,nan,0.008333333333333337,nan,,,,,0.008333333333333333,,,,,,,,,,bocpd_gaussian,,0.0,,5,,,,,,,0.5,,,,,,120,,,,,,1,,,,,,,,1.5,,0.0,0.0,Bayesian Online Change Point Detection,"Adams and MacKay, Bayesian Online Changepoint Detection, arXiv:0710.3742; dtolpin/bocd",https://arxiv.org/abs/0710.3742,0.5,0.0,0.0
1.0,,gaussian_mean_variance,114,,,,A1,1.0,0.0,0.0,,6.0,6.0,0.6956551963943861,6.0,,,,,,,,,,,,,,,coordinate_w2_window_scan,,1.0,,5,,,,,,,0.5,,,,,,120,,,,,,1,,,,,,,,1.5,,1.0,1.0,Coordinate-wise W2 window scan,"Cheng et al., Optimal Transport Based Change Point Detection and Time Series Segment Clustering, arXiv:1911.01325",https://arxiv.org/abs/1911.01325,0.6783000011890367,1.0,0.0
1.0,,gaussian_mean_variance,117,,,,A1,1.0,0.0,0.0,,3.0,3.0,0.5561860623250141,3.0,,,,,,,,,,,,,,,coordinate_w2_matched_filter,,1.0,,5,,,,,,,0.5,,,,,,120,,,,,,1,,,,,,,,1.5,,1.0,1.0,Coordinate-wise W2 + matched filter,"Cheng et al., arXiv:1911.01325",https://arxiv.org/abs/1911.01325,0.5538075797696138,1.0,0.0
1.0,,gaussian_mean_variance,113,,,,A1,1.0,0.0,0.0,,7.0,7.0,0.7309382142611189,7.0,,,full,sliced,,80,sliced_wasserstein,False,,,True,True,proposed_full,30,proposed_full,,1.0,,5,,,,,,,0.5,,,,,,120,,,,,,1,,,,,,,,1.5,,1.0,1.0,Proposed: local + prototypes + global refinement,docs/proposed_method.md §0,docs/proposed_method.md,0.7100129961088955,1.0,0.0
1.0,,gaussian_mean_variance,,,,,A1,0.0,1.0,0.0,,nan,nan,0.7309382142611189,nan,,,local_only,sliced,,80,sliced_wasserstein,False,,,False,False,proposed_local_persistence_proxy,30,proposed_local_persistence_proxy,,0.0,,5,,,,,,,0.5,,,,,,120,,,,,,1,,,,,,,,1.5,,0.0,0.0,Proposed: local + persistence proxy,docs/experiment_plan.md §2.2,docs/experiment_plan.md,0.7100129961088955,0.0,0.0
1.0,,variance_matched_tail_shift,148;213,,,,A2,0.0,1.0,2.0,,nan,nan,12.351254120874533,nan,,,,,,,,,,,,,,,ewma_vol,,2.0,,,,,,,none,,,,,,1,,120,,6,,,,0,,,,,,,,,,0.0,0.0,EWMA volatility alarm,RiskMetrics-style EWMA volatility monitoring,https://www.msci.com/research-and-insights/paper/1996-riskmetrics-technical-document,11.141310711610167,0.0,0.0
1.0,,variance_matched_tail_shift,108;158,,,,A2,0.6666666666666666,0.0,1.0,,12.0,12.0,15.768769940102032,12.0,,,,,,,,,,,,,,,cusum_vol,,2.0,,,,,,,none,,,,,,1,,120,,6,,,,0,,,,,,,,,,0.5,1.0,CUSUM volatility alarm,Classic CUSUM applied to squared returns,https://en.wikipedia.org/wiki/CUSUM,15.719204432697707,1.0,0.0
1.0,,variance_matched_tail_shift,38,,,,A2,0.0,1.0,1.0,,nan,nan,0.3666666666666667,nan,,,,,,,,,,,,,,,ks,,1.0,,,,,,,none,,,,,,1,,120,,6,,,,0,,,,,,,,,,0.0,0.0,KS window scan,scipy.stats.ks_2samp documentation,https://docs.scipy.org/doc/scipy/reference/generated/scipy.stats.ks_2samp.html,0.3377777777777775,0.0,0.0
1.0,,variance_matched_tail_shift,38,,,,A2,0.0,1.0,1.0,,nan,nan,0.6716666666666669,nan,,,,,,,,,,,,,,,cvm,,1.0,,,,,,,none,,,,,,1,,120,,6,,,,0,,,,,,,,,,0.0,0.0,Cramer-von Mises window scan,scipy.stats.cramervonmises_2samp documentation,https://docs.scipy.org/doc/scipy/reference/generated/scipy.stats.cramervonmises_2samp.html,0.5732222222222222,0.0,0.0
1.0,,variance_matched_tail_shift,38,,,,A2,0.0,1.0,1.0,,nan,nan,0.14112299862279135,nan,,,,,,,,,,,,,,,mmd,,1.0,,,,,,,none,,,,,,1,,120,,6,,,,0,,,,,,,,,,0.0,0.0,MMD window scan,"Gretton et al., A Kernel Two-Sample Test, JMLR 2012",https://www.jmlr.org/papers/v13/gretton12a.html,0.11948745486789575,0.0,0.0
1.0,,variance_matched_tail_shift,38,,,,A2,0.0,1.0,1.0,,nan,nan,0.2987556601527301,nan,,,,,,,,,,,,,,,energy,,1.0,,,,,,,none,,,,,,1,,120,,6,,,,0,,,,,,,,,,0.0,0.0,Energy distance scan,"Matteson and James, A Nonparametric Approach for Multiple Change Point Analysis of Multivariate Data, JASA 2014",https://doi.org/10.1080/01621459.2013.849605,0.25345488339162087,0.0,0.0
,,variance_matched_tail_shift,,,,,A2,0.0,1.0,0.0,,nan,nan,,nan,,,,,,,,,ruptures is not installed. Install with `pip install ruptures`.,True,,,,,pelt_rbf,,,,,,,,,none,,,,,,1,,120,,6,,,,0,,,,,,,,,,0.0,0.0,PELT-RBF,ruptures documentation,https://centre-borelli.github.io/ruptures-docs/,,0.0,1.0
1.0,,variance_matched_tail_shift,164,,,,A2,0.0,1.0,1.0,,nan,nan,0.3723791564694418,nan,,,,,,,,,,,,,,,coordinate_w2_matched_filter,,1.0,,,,,,,none,,,,,,1,,120,,6,,,,0,,,,,,,,,,0.0,0.0,Coordinate-wise W2 + matched filter,"Cheng et al., arXiv:1911.01325",https://arxiv.org/abs/1911.01325,0.3707779852188522,0.0,0.0
1.0,,variance_matched_tail_shift,165,,,,A2,0.0,1.0,1.0,,nan,nan,0.5877724902593235,nan,,,full,sliced,,80,sliced_wasserstein,False,,,True,True,proposed_full,30,proposed_full,,1.0,,,,,,,none,,,,,,1,,120,,6,,,,0,,,,,,,,,,0.0,0.0,Proposed: local + prototypes + global refinement,docs/proposed_method.md §0,docs/proposed_method.md,0.500605819792639,0.0,0.0
1.0,,variance_matched_tail_shift,24;192,,,,A2,0.0,1.0,2.0,,nan,nan,19.232821609709614,nan,,,,,,,,,,,,,,,ewma_vol,,2.0,,,,,,,none,,,,,,1,,120,,6,,,,1,,,,,,,,,,0.0,0.0,EWMA volatility alarm,RiskMetrics-style EWMA volatility monitoring,https://www.msci.com/research-and-insights/paper/1996-riskmetrics-technical-document,12.869572556994106,0.0,0.0
1.0,,variance_matched_tail_shift,217,,,,A2,0.0,1.0,1.0,,nan,nan,17.44343067387011,nan,,,,,,,,,,,,,,,cusum_vol,,1.0,,,,,,,none,,,,,,1,,120,,6,,,,1,,,,,,,,,,0.0,0.0,CUSUM volatility alarm,Classic CUSUM applied to squared returns,https://en.wikipedia.org/wiki/CUSUM,17.217852855174588,0.0,0.0
1.0,,variance_matched_tail_shift,195,,,,A2,0.0,1.0,1.0,,nan,nan,0.4000000000000001,nan,,,,,,,,,,,,,,,ks,,1.0,,,,,,,none,,,,,,1,,120,,6,,,,1,,,,,,,,,,0.0,0.0,KS window scan,scipy.stats.ks_2samp documentation,https://docs.scipy.org/doc/scipy/reference/generated/scipy.stats.ks_2samp.html,0.39111111111111097,0.0,0.0
1.0,,variance_matched_tail_shift,191,,,,A2,0.0,1.0,1.0,,nan,nan,0.8979629629629636,nan,,,,,,,,,,,,,,,cvm,,1.0,,,,,,,none,,,,,,1,,120,,6,,,,1,,,,,,,,,,0.0,0.0,Cramer-von Mises window scan,scipy.stats.cramervonmises_2samp documentation,https://docs.scipy.org/doc/scipy/reference/generated/scipy.stats.cramervonmises_2samp.html,0.8512962962962968,0.0,0.0
1.0,,variance_matched_tail_shift,195,,,,A2,0.0,1.0,1.0,,nan,nan,0.16525499432501048,nan,,,,,,,,,,,,,,,mmd,,1.0,,,,,,,none,,,,,,1,,120,,6,,,,1,,,,,,,,,,0.0,0.0,MMD window scan,"Gretton et al., A Kernel Two-Sample Test, JMLR 2012",https://www.jmlr.org/papers/v13/gretton12a.html,0.15460054119682423,0.0,0.0
1.0,,variance_matched_tail_shift,191,,,,A2,0.0,1.0,1.0,,nan,nan,0.35306279585931644,nan,,,,,,,,,,,,,,,energy,,1.0,,,,,,,none,,,,,,1,,120,,6,,,,1,,,,,,,,,,0.0,0.0,Energy distance scan,"Matteson and James, A Nonparametric Approach for Multiple Change Point Analysis of Multivariate Data, JASA 2014",https://doi.org/10.1080/01621459.2013.849605,0.300589593815159,0.0,0.0
,,variance_matched_tail_shift,,,,,A2,0.0,1.0,0.0,,nan,nan,,nan,,,,,,,,,ruptures is not installed. Install with `pip install ruptures`.,True,,,,,pelt_rbf,,,,,,,,,none,,,,,,1,,120,,6,,,,1,,,,,,,,,,0.0,0.0,PELT-RBF,ruptures documentation,https://centre-borelli.github.io/ruptures-docs/,,0.0,1.0
1.0,,variance_matched_tail_shift,189,,,,A2,0.0,1.0,1.0,,nan,nan,0.7146948980817643,nan,,,,,,,,,,,,,,,coordinate_w2_matched_filter,,1.0,,,,,,,none,,,,,,1,,120,,6,,,,1,,,,,,,,,,0.0,0.0,Coordinate-wise W2 + matched filter,"Cheng et al., arXiv:1911.01325",https://arxiv.org/abs/1911.01325,0.711561576730489,0.0,0.0
1.0,,variance_matched_tail_shift,191,,,,A2,0.0,1.0,1.0,,nan,nan,1.0526084683968144,nan,,,full,sliced,,80,sliced_wasserstein,False,,,True,True,proposed_full,30,proposed_full,,1.0,,,,,,,none,,,,,,1,,120,,6,,,,1,,,,,,,,,,0.0,0.0,Proposed: local + prototypes + global refinement,docs/proposed_method.md §0,docs/proposed_method.md,0.9895912308849317,0.0,0.0
1.0,,variance_matched_tail_shift,181;218,,,,A2,0.0,1.0,2.0,,nan,nan,12.416750270944998,nan,,,,,,,,,,,,,,,ewma_vol,,2.0,,,,,,,none,,,,,,1,,120,,20,,,,0,,,,,,,,,,0.0,0.0,EWMA volatility alarm,RiskMetrics-style EWMA volatility monitoring,https://www.msci.com/research-and-insights/paper/1996-riskmetrics-technical-document,10.763503733356606,0.0,0.0
1.0,,variance_matched_tail_shift,218,,,,A2,0.0,1.0,1.0,,nan,nan,33.89837483498759,nan,,,,,,,,,,,,,,,cusum_vol,,1.0,,,,,,,none,,,,,,1,,120,,20,,,,0,,,,,,,,,,0.0,0.0,CUSUM volatility alarm,Classic CUSUM applied to squared returns,https://en.wikipedia.org/wiki/CUSUM,32.97067723141082,0.0,0.0
1.0,,variance_matched_tail_shift,38,,,,A2,0.0,1.0,1.0,,nan,nan,0.3666666666666667,nan,,,,,,,,,,,,,,,ks,,1.0,,,,,,,none,,,,,,1,,120,,20,,,,0,,,,,,,,,,0.0,0.0,KS window scan,scipy.stats.ks_2samp documentation,https://docs.scipy.org/doc/scipy/reference/generated/scipy.stats.ks_2samp.html,0.3377777777777775,0.0,0.0
1.0,,variance_matched_tail_shift,38,,,,A2,0.0,1.0,1.0,,nan,nan,0.6716666666666669,nan,,,,,,,,,,,,,,,cvm,,1.0,,,,,,,none,,,,,,1,,120,,20,,,,0,,,,,,,,,,0.0,0.0,Cramer-von Mises window scan,scipy.stats.cramervonmises_2samp documentation,https://docs.scipy.org/doc/scipy/reference/generated/scipy.stats.cramervonmises_2samp.html,0.5732222222222222,0.0,0.0
1.0,,variance_matched_tail_shift,38,,,,A2,0.0,1.0,1.0,,nan,nan,0.14112299862279135,nan,,,,,,,,,,,,,,,mmd,,1.0,,,,,,,none,,,,,,1,,120,,20,,,,0,,,,,,,,,,0.0,0.0,MMD window scan,"Gretton et al., A Kernel Two-Sample Test, JMLR 2012",https://www.jmlr.org/papers/v13/gretton12a.html,0.11923675229075133,0.0,0.0
1.0,,variance_matched_tail_shift,38,,,,A2,0.0,1.0,1.0,,nan,nan,0.2987556601527301,nan,,,,,,,,,,,,,,,energy,,1.0,,,,,,,none,,,,,,1,,120,,20,,,,0,,,,,,,,,,0.0,0.0,Energy distance scan,"Matteson and James, A Nonparametric Approach for Multiple Change Point Analysis of Multivariate Data, JASA 2014",https://doi.org/10.1080/01621459.2013.849605,0.25345488339162087,0.0,0.0
,,variance_matched_tail_shift,,,,,A2,0.0,1.0,0.0,,nan,nan,,nan,,,,,,,,,ruptures is not installed. Install with `pip install ruptures`.,True,,,,,pelt_rbf,,,,,,,,,none,,,,,,1,,120,,20,,,,0,,,,,,,,,,0.0,0.0,PELT-RBF,ruptures documentation,https://centre-borelli.github.io/ruptures-docs/,,0.0,1.0
1.0,,variance_matched_tail_shift,38,,,,A2,0.0,1.0,1.0,,nan,nan,0.26671467718527153,nan,,,,,,,,,,,,,,,coordinate_w2_matched_filter,,1.0,,,,,,,none,,,,,,1,,120,,20,,,,0,,,,,,,,,,0.0,0.0,Coordinate-wise W2 + matched filter,"Cheng et al., arXiv:1911.01325",https://arxiv.org/abs/1911.01325,0.2630419798783324,0.0,0.0
1.0,,variance_matched_tail_shift,,,,,A2,0.0,1.0,0.0,,nan,nan,0.5877724902593235,nan,,,full,sliced,,80,sliced_wasserstein,False,,,True,True,proposed_full,30,proposed_full,,0.0,,,,,,,none,,,,,,1,,120,,20,,,,0,,,,,,,,,,0.0,0.0,Proposed: local + prototypes + global refinement,docs/proposed_method.md §0,docs/proposed_method.md,0.45937114308025045,0.0,0.0
1.0,,variance_matched_tail_shift,24;204,,,,A2,0.0,1.0,2.0,,nan,nan,13.439770819009984,nan,,,,,,,,,,,,,,,ewma_vol,,2.0,,,,,,,none,,,,,,1,,120,,20,,,,1,,,,,,,,,,0.0,0.0,EWMA volatility alarm,RiskMetrics-style EWMA volatility monitoring,https://www.msci.com/research-and-insights/paper/1996-riskmetrics-technical-document,8.548864675609812,0.0,0.0
1.0,,variance_matched_tail_shift,33;149,,,,A2,0.0,1.0,2.0,,nan,nan,8.44503278905662,nan,,,,,,,,,,,,,,,cusum_vol,,2.0,,,,,,,none,,,,,,1,,120,,20,,,,1,,,,,,,,,,0.0,0.0,CUSUM volatility alarm,Classic CUSUM applied to squared returns,https://en.wikipedia.org/wiki/CUSUM,7.932355973317778,0.0,0.0
1.0,,variance_matched_tail_shift,197,,,,A2,0.0,1.0,1.0,,nan,nan,0.41111111111111115,nan,,,,,,,,,,,,,,,ks,,1.0,,,,,,,none,,,,,,1,,120,,20,,,,1,,,,,,,,,,0.0,0.0,KS window scan,scipy.stats.ks_2samp documentation,https://docs.scipy.org/doc/scipy/reference/generated/scipy.stats.ks_2samp.html,0.39999999999999997,0.0,0.0
1.0,,variance_matched_tail_shift,196,,,,A2,0.0,1.0,1.0,,nan,nan,0.8490740740740753,nan,,,,,,,,,,,,,,,cvm,,1.0,,,,,,,none,,,,,,1,,120,,20,,,,1,,,,,,,,,,0.0,0.0,Cramer-von Mises window scan,scipy.stats.cramervonmises_2samp documentation,https://docs.scipy.org/doc/scipy/reference/generated/scipy.stats.cramervonmises_2samp.html,0.8297407407407413,0.0,0.0
1.0,,variance_matched_tail_shift,197,,,,A2,0.0,1.0,1.0,,nan,nan,0.1592061672553247,nan,,,,,,,,,,,,,,,mmd,,1.0,,,,,,,none,,,,,,1,,120,,20,,,,1,,,,,,,,,,0.0,0.0,MMD window scan,"Gretton et al., A Kernel Two-Sample Test, JMLR 2012",https://www.jmlr.org/papers/v13/gretton12a.html,0.15192170810319175,0.0,0.0
1.0,,variance_matched_tail_shift,191,,,,A2,0.0,1.0,1.0,,nan,nan,0.33949982172885346,nan,,,,,,,,,,,,,,,energy,,1.0,,,,,,,none,,,,,,1,,120,,20,,,,1,,,,,,,,,,0.0,0.0,Energy distance scan,"Matteson and James, A Nonparametric Approach for Multiple Change Point Analysis of Multivariate Data, JASA 2014",https://doi.org/10.1080/01621459.2013.849605,0.31344928746004397,0.0,0.0
,,variance_matched_tail_shift,,,,,A2,0.0,1.0,0.0,,nan,nan,,nan,,,,,,,,,ruptures is not installed. Install with `pip install ruptures`.,True,,,,,pelt_rbf,,,,,,,,,none,,,,,,1,,120,,20,,,,1,,,,,,,,,,0.0,0.0,PELT-RBF,ruptures documentation,https://centre-borelli.github.io/ruptures-docs/,,0.0,1.0
1.0,,variance_matched_tail_shift,191,,,,A2,0.0,1.0,1.0,,nan,nan,0.4563759251885158,nan,,,,,,,,,,,,,,,coordinate_w2_matched_filter,,1.0,,,,,,,none,,,,,,1,,120,,20,,,,1,,,,,,,,,,0.0,0.0,Coordinate-wise W2 + matched filter,"Cheng et al., arXiv:1911.01325",https://arxiv.org/abs/1911.01325,0.4527078387352405,0.0,0.0
1.0,,variance_matched_tail_shift,191,,,,A2,0.0,1.0,1.0,,nan,nan,0.6863294922517378,nan,,,full,sliced,,80,sliced_wasserstein,False,,,True,True,proposed_full,30,proposed_full,,1.0,,,,,,,none,,,,,,1,,120,,20,,,,1,,,,,,,,,,0.0,0.0,Proposed: local + prototypes + global refinement,docs/proposed_method.md §0,docs/proposed_method.md,0.6005946521429072,0.0,0.0
0.0,,scenario_mixture_weight_shift,,,,,A3,0.0,1.0,0.0,,nan,nan,0.39999999999999997,nan,,,,,,,,,,,,,,,ks,,0.0,True,,0.05,,True,,,,,3.0,,,,,120,,,,,,0,IID,,,,,,,,,0.0,0.0,KS window scan,scipy.stats.ks_2samp documentation,https://docs.scipy.org/doc/scipy/reference/generated/scipy.stats.ks_2samp.html,0.4405555555555556,0.0,0.0
0.0,,scenario_mixture_weight_shift,,,,,A3,0.0,1.0,0.0,,nan,nan,0.14319142806782606,nan,,,,,,,,,,,,,,,mmd,,0.0,True,,0.05,,True,,,,,3.0,,,,,120,,,,,,0,IID,,,,,,,,,0.0,0.0,MMD window scan,"Gretton et al., A Kernel Two-Sample Test, JMLR 2012",https://www.jmlr.org/papers/v13/gretton12a.html,0.20288875254764652,0.0,0.0
0.0,,scenario_mixture_weight_shift,,,,,A3,0.0,1.0,0.0,,nan,nan,0.9252851593651172,nan,,,,,,,,,,,,,,,energy,,0.0,True,,0.05,,True,,,,,3.0,,,,,120,,,,,,0,IID,,,,,,,,,0.0,0.0,Energy distance scan,"Matteson and James, A Nonparametric Approach for Multiple Change Point Analysis of Multivariate Data, JASA 2014",https://doi.org/10.1080/01621459.2013.849605,1.4622149421382924,0.0,0.0
,,scenario_mixture_weight_shift,,,,,A3,0.0,1.0,0.0,,nan,nan,,nan,,,,,,,,,ruptures is not installed. Install with `pip install ruptures`.,True,,,,,pelt_rbf,,,True,,0.05,,True,,,,,3.0,,,,,120,,,,,,0,IID,,,,,,,,,0.0,0.0,PELT-RBF,ruptures documentation,https://centre-borelli.github.io/ruptures-docs/,,0.0,1.0
0.0,,scenario_mixture_weight_shift,,,,,A3,0.0,1.0,0.0,,nan,nan,5.214059001576077,nan,,,,,,,,,,,,,,,coordinate_w2_matched_filter,,0.0,True,,0.05,,True,,,,,3.0,,,,,120,,,,,,0,IID,,,,,,,,,0.0,0.0,Coordinate-wise W2 + matched filter,"Cheng et al., arXiv:1911.01325",https://arxiv.org/abs/1911.01325,6.069568289800507,0.0,0.0
1.0,,scenario_mixture_weight_shift,33;64;94;129;159;189;221,,,,A3,0.25,0.0,6.0,,9.0,9.0,0.008333333333333335,9.0,,,,,0.008333333333333333,,,,,,,,,,bocpd_gaussian,,7.0,True,,0.05,,True,,,,,3.0,,,,,120,,,,,,0,IID,,,,,,,,,0.14285714285714285,1.0,Bayesian Online Change Point Detection,"Adams and MacKay, Bayesian Online Changepoint Detection, arXiv:0710.3742; dtolpin/bocd",https://arxiv.org/abs/0710.3742,0.008333333333333335,1.0,0.0
0.0,,scenario_mixture_weight_shift,,,,,A3,0.0,1.0,0.0,,nan,nan,6.922175950350741,nan,,,full,sliced,,80,sliced_wasserstein,False,,,True,True,proposed_full,30,proposed_full,,0.0,True,,0.05,,True,,,,,3.0,,,,,120,,,,,,0,IID,,,,,,,,,0.0,0.0,Proposed: local + prototypes + global refinement,docs/proposed_method.md §0,docs/proposed_method.md,9.944243658219095,0.0,0.0
0.0,,scenario_mixture_weight_shift,,,,,A3,0.0,1.0,0.0,,nan,nan,0.4000000000000001,nan,,,,,,,,,,,,,,,ks,,0.0,True,,0.05,,True,,,,,3.0,,,,,120,,,,,,1,IID,,,,,,,,,0.0,0.0,KS window scan,scipy.stats.ks_2samp documentation,https://docs.scipy.org/doc/scipy/reference/generated/scipy.stats.ks_2samp.html,0.4405555555555556,0.0,0.0
0.0,,scenario_mixture_weight_shift,,,,,A3,0.0,1.0,0.0,,nan,nan,0.14168793968397134,nan,,,,,,,,,,,,,,,mmd,,0.0,True,,0.05,,True,,,,,3.0,,,,,120,,,,,,1,IID,,,,,,,,,0.0,0.0,MMD window scan,"Gretton et al., A Kernel Two-Sample Test, JMLR 2012",https://www.jmlr.org/papers/v13/gretton12a.html,0.20288875254764652,0.0,0.0
0.0,,scenario_mixture_weight_shift,,,,,A3,0.0,1.0,0.0,,nan,nan,0.7760067544413524,nan,,,,,,,,,,,,,,,energy,,0.0,True,,0.05,,True,,,,,3.0,,,,,120,,,,,,1,IID,,,,,,,,,0.0,0.0,Energy distance scan,"Matteson and James, A Nonparametric Approach for Multiple Change Point Analysis of Multivariate Data, JASA 2014",https://doi.org/10.1080/01621459.2013.849605,1.4622149421382924,0.0,0.0
,,scenario_mixture_weight_shift,,,,,A3,0.0,1.0,0.0,,nan,nan,,nan,,,,,,,,,ruptures is not installed. Install with `pip install ruptures`.,True,,,,,pelt_rbf,,,True,,0.05,,True,,,,,3.0,,,,,120,,,,,,1,IID,,,,,,,,,0.0,0.0,PELT-RBF,ruptures documentation,https://centre-borelli.github.io/ruptures-docs/,,0.0,1.0
0.0,,scenario_mixture_weight_shift,,,,,A3,0.0,1.0,0.0,,nan,nan,4.156964960645727,nan,,,,,,,,,,,,,,,coordinate_w2_matched_filter,,0.0,True,,0.05,,True,,,,,3.0,,,,,120,,,,,,1,IID,,,,,,,,,0.0,0.0,Coordinate-wise W2 + matched filter,"Cheng et al., arXiv:1911.01325",https://arxiv.org/abs/1911.01325,6.069568289800507,0.0,0.0
1.0,,scenario_mixture_weight_shift,31;61;126;156;197;229,,,,A3,0.2857142857142857,0.0,5.0,,6.0,6.0,0.008333333333333335,6.0,,,,,0.008333333333333333,,,,,,,,,,bocpd_gaussian,,6.0,True,,0.05,,True,,,,,3.0,,,,,120,,,,,,1,IID,,,,,,,,,0.16666666666666666,1.0,Bayesian Online Change Point Detection,"Adams and MacKay, Bayesian Online Changepoint Detection, arXiv:0710.3742; dtolpin/bocd",https://arxiv.org/abs/0710.3742,0.008333333333333335,1.0,0.0
0.0,,scenario_mixture_weight_shift,,,,,A3,0.0,1.0,0.0,,nan,nan,6.794827458626191,nan,,,full,sliced,,80,sliced_wasserstein,False,,,True,True,proposed_full,30,proposed_full,,0.0,True,,0.05,,True,,,,,3.0,,,,,120,,,,,,1,IID,,,,,,,,,0.0,0.0,Proposed: local + prototypes + global refinement,docs/proposed_method.md §0,docs/proposed_method.md,9.944243658219095,0.0,0.0
0.0,,scenario_mixture_weight_shift,,,,,A3,0.0,1.0,0.0,,nan,nan,0.39999999999999997,nan,,,,,,,,,,,,,,,ks,,0.0,True,,0.2,,True,,,,,3.0,,,,,120,,,,,,0,IID,,,,,,,,,0.0,0.0,KS window scan,scipy.stats.ks_2samp documentation,https://docs.scipy.org/doc/scipy/reference/generated/scipy.stats.ks_2samp.html,0.4405555555555556,0.0,0.0
0.0,,scenario_mixture_weight_shift,,,,,A3,0.0,1.0,0.0,,nan,nan,0.14319142806782606,nan,,,,,,,,,,,,,,,mmd,,0.0,True,,0.2,,True,,,,,3.0,,,,,120,,,,,,0,IID,,,,,,,,,0.0,0.0,MMD window scan,"Gretton et al., A Kernel Two-Sample Test, JMLR 2012",https://www.jmlr.org/papers/v13/gretton12a.html,0.20288875254764652,0.0,0.0
0.0,,scenario_mixture_weight_shift,,,,,A3,0.0,1.0,0.0,,nan,nan,0.9252851593651172,nan,,,,,,,,,,,,,,,energy,,0.0,True,,0.2,,True,,,,,3.0,,,,,120,,,,,,0,IID,,,,,,,,,0.0,0.0,Energy distance scan,"Matteson and James, A Nonparametric Approach for Multiple Change Point Analysis of Multivariate Data, JASA 2014",https://doi.org/10.1080/01621459.2013.849605,1.4622149421382924,0.0,0.0
,,scenario_mixture_weight_shift,,,,,A3,0.0,1.0,0.0,,nan,nan,,nan,,,,,,,,,ruptures is not installed. Install with `pip install ruptures`.,True,,,,,pelt_rbf,,,True,,0.2,,True,,,,,3.0,,,,,120,,,,,,0,IID,,,,,,,,,0.0,0.0,PELT-RBF,ruptures documentation,https://centre-borelli.github.io/ruptures-docs/,,0.0,1.0
0.0,,scenario_mixture_weight_shift,,,,,A3,0.0,1.0,0.0,,nan,nan,5.214059001576077,nan,,,,,,,,,,,,,,,coordinate_w2_matched_filter,,0.0,True,,0.2,,True,,,,,3.0,,,,,120,,,,,,0,IID,,,,,,,,,0.0,0.0,Coordinate-wise W2 + matched filter,"Cheng et al., arXiv:1911.01325",https://arxiv.org/abs/1911.01325,6.069568289800507,0.0,0.0
1.0,,scenario_mixture_weight_shift,6;42;83;113;149;188;235,,,,A3,0.25,0.0,6.0,,7.0,7.0,0.008333333333333335,7.0,,,,,0.008333333333333333,,,,,,,,,,bocpd_gaussian,,7.0,True,,0.2,,True,,,,,3.0,,,,,120,,,,,,0,IID,,,,,,,,,0.14285714285714285,1.0,Bayesian Online Change Point Detection,"Adams and MacKay, Bayesian Online Changepoint Detection, arXiv:0710.3742; dtolpin/bocd",https://arxiv.org/abs/0710.3742,0.008333333333333335,1.0,0.0
0.0,,scenario_mixture_weight_shift,,,,,A3,0.0,1.0,0.0,,nan,nan,6.922175950350741,nan,,,full,sliced,,80,sliced_wasserstein,False,,,True,True,proposed_full,30,proposed_full,,0.0,True,,0.2,,True,,,,,3.0,,,,,120,,,,,,0,IID,,,,,,,,,0.0,0.0,Proposed: local + prototypes + global refinement,docs/proposed_method.md §0,docs/proposed_method.md,9.944243658219095,0.0,0.0
1.0,,scenario_mixture_weight_shift,122,,,,A3,1.0,0.0,0.0,,2.0,2.0,0.4666666666666666,2.0,,,,,,,,,,,,,,,ks,,1.0,True,,0.2,,True,,,,,3.0,,,,,120,,,,,,1,IID,,,,,,,,,1.0,1.0,KS window scan,scipy.stats.ks_2samp documentation,https://docs.scipy.org/doc/scipy/reference/generated/scipy.stats.ks_2samp.html,0.4405555555555556,1.0,0.0
1.0,,scenario_mixture_weight_shift,120,,,,A3,1.0,0.0,0.0,,0.0,0.0,0.3044194831406262,0.0,,,,,,,,,,,,,,,mmd,,1.0,True,,0.2,,True,,,,,3.0,,,,,120,,,,,,1,IID,,,,,,,,,1.0,1.0,MMD window scan,"Gretton et al., A Kernel Two-Sample Test, JMLR 2012",https://www.jmlr.org/papers/v13/gretton12a.html,0.20288875254764652,1.0,0.0
0.0,,scenario_mixture_weight_shift,,,,,A3,0.0,1.0,0.0,,nan,nan,0.7754271706214024,nan,,,,,,,,,,,,,,,energy,,0.0,True,,0.2,,True,,,,,3.0,,,,,120,,,,,,1,IID,,,,,,,,,0.0,0.0,Energy distance scan,"Matteson and James, A Nonparametric Approach for Multiple Change Point Analysis of Multivariate Data, JASA 2014",https://doi.org/10.1080/01621459.2013.849605,1.4622149421382924,0.0,0.0
,,scenario_mixture_weight_shift,,,,,A3,0.0,1.0,0.0,,nan,nan,,nan,,,,,,,,,ruptures is not installed. Install with `pip install ruptures`.,True,,,,,pelt_rbf,,,True,,0.2,,True,,,,,3.0,,,,,120,,,,,,1,IID,,,,,,,,,0.0,0.0,PELT-RBF,ruptures documentation,https://centre-borelli.github.io/ruptures-docs/,,0.0,1.0
0.0,,scenario_mixture_weight_shift,,,,,A3,0.0,1.0,0.0,,nan,nan,3.216997066465055,nan,,,,,,,,,,,,,,,coordinate_w2_matched_filter,,0.0,True,,0.2,,True,,,,,3.0,,,,,120,,,,,,1,IID,,,,,,,,,0.0,0.0,Coordinate-wise W2 + matched filter,"Cheng et al., arXiv:1911.01325",https://arxiv.org/abs/1911.01325,6.069568289800507,0.0,0.0
1.0,,scenario_mixture_weight_shift,31;61;115;150;186;225,,,,A3,0.2857142857142857,0.0,5.0,,5.0,5.0,0.008333333333333335,5.0,,,,,0.008333333333333333,,,,,,,,,,bocpd_gaussian,,6.0,True,,0.2,,True,,,,,3.0,,,,,120,,,,,,1,IID,,,,,,,,,0.16666666666666666,1.0,Bayesian Online Change Point Detection,"Adams and MacKay, Bayesian Online Changepoint Detection, arXiv:0710.3742; dtolpin/bocd",https://arxiv.org/abs/0710.3742,0.008333333333333335,1.0,0.0
0.0,,scenario_mixture_weight_shift,,,,,A3,0.0,1.0,0.0,,nan,nan,5.313917000699571,nan,,,full,sliced,,80,sliced_wasserstein,False,,,True,True,proposed_full,30,proposed_full,,0.0,True,,0.2,,True,,,,,3.0,,,,,120,,,,,,1,IID,,,,,,,,,0.0,0.0,Proposed: local + prototypes + global refinement,docs/proposed_method.md §0,docs/proposed_method.md,9.944243658219095,0.0,0.0
1.0,,fixed_marginal_correlation_crisis,168,,,,A4,0.0,1.0,1.0,,nan,nan,0.4478487035849776,nan,,,,,,,,,,,,,,,coordinate_w2t,,1.0,,10,,0.1,,,,,,,,,,,120,,,,,0.2,0,,,,,,,,,,0.0,0.0,Coordinate-wise W2T,"Cheng et al., Optimal Transport Based Change Point Detection and Time Series Segment Clustering, arXiv:1911.01325",https://arxiv.org/abs/1911.01325,0.2981419784619329,0.0,0.0
1.0,,fixed_marginal_correlation_crisis,169,,,,A4,0.0,1.0,1.0,,nan,nan,0.3422222222222222,nan,,,,,,,,,,,,,,,ks,,1.0,,10,,0.1,,,,,,,,,,,120,,,,,0.2,0,,,,,,,,,,0.0,0.0,KS window scan,scipy.stats.ks_2samp documentation,https://docs.scipy.org/doc/scipy/reference/generated/scipy.stats.ks_2samp.html,0.27894444444444444,0.0,0.0
,,fixed_marginal_correlation_crisis,,,,,A4,0.0,1.0,0.0,,nan,nan,,nan,,,,,,,,,ruptures is not installed. Install with `pip install ruptures`.,True,,,,,pelt_l2,,,,10,,0.1,,,,,,,,,,,120,,,,,0.2,0,,,,,,,,,,0.0,0.0,PELT-L2,"Killick, Fearnhead, Eckley (2012); ruptures PELT documentation",https://ctruong.perso.math.cnrs.fr/ruptures-docs/build/html/detection/pelt.html,,0.0,1.0
,,fixed_marginal_correlation_crisis,,,,,A4,0.0,1.0,0.0,,nan,nan,,nan,,,,,,,,,ruptures is not installed. Install with `pip install ruptures`.,True,,,,,pelt_rbf,,,,10,,0.1,,,,,,,,,,,120,,,,,0.2,0,,,,,,,,,,0.0,0.0,PELT-RBF,ruptures documentation,https://centre-borelli.github.io/ruptures-docs/,,0.0,1.0
1.0,,fixed_marginal_correlation_crisis,168,,,,A4,0.0,1.0,1.0,,nan,nan,0.10947518198852661,nan,,,,,,,,,,,,,,,mmd,,1.0,,10,,0.1,,,,,,,,,,,120,,,,,0.2,0,,,,,,,,,,0.0,0.0,MMD window scan,"Gretton et al., A Kernel Two-Sample Test, JMLR 2012",https://www.jmlr.org/papers/v13/gretton12a.html,0.08521714792309339,0.0,0.0
1.0,,fixed_marginal_correlation_crisis,168,,,,A4,0.0,1.0,1.0,,nan,nan,0.8158846505775653,nan,,,,,,,,,,,,,,,energy,,1.0,,10,,0.1,,,,,,,,,,,120,,,,,0.2,0,,,,,,,,,,0.0,0.0,Energy distance scan,"Matteson and James, A Nonparametric Approach for Multiple Change Point Analysis of Multivariate Data, JASA 2014",https://doi.org/10.1080/01621459.2013.849605,0.5777812092580857,0.0,0.0
0.0,,fixed_marginal_correlation_crisis,,,,,A4,0.0,1.0,0.0,,nan,nan,2.5196282623147352,nan,,,,,,,,,,,,,,,bures,,0.0,,10,,0.1,,,,,,,,,,,120,,,,,0.2,0,,,,,,,,,,0.0,0.0,Bures-Wasserstein covariance scan,Closed-form Gaussian/covariance 2-Wasserstein geometry,https://en.wikipedia.org/wiki/Wasserstein_metric#Normal_distributions,2.896417786853903,0.0,0.0
1.0,,fixed_marginal_correlation_crisis,168,,,,A4,0.0,1.0,1.0,,nan,nan,0.5103521967984261,nan,,,,,,,,,,,,,,,sliced_wasserstein,,1.0,,10,,0.1,,,,,,,,,,,120,,,,,0.2,0,,,,,,,,,,0.0,0.0,Sliced Wasserstein window scan,POT: Python Optimal Transport documentation,https://pythonot.github.io/,0.36026983111898125,0.0,0.0
,,fixed_marginal_correlation_crisis,,,,,A4,0.0,1.0,0.0,,nan,nan,,nan,,,,,,,,,POT is not installed. Install with `pip install POT`.,True,,,,,sinkhorn,,,,10,,0.1,,,,,,,,,,,120,,,,,0.2,0,,,,,,,,,,0.0,0.0,Sinkhorn window scan,POT: Python Optimal Transport documentation,https://pythonot.github.io/,,0.0,1.0
0.0,,fixed_marginal_correlation_crisis,,,,,A4,0.0,1.0,0.0,,nan,nan,2.5196282623147352,nan,,,full,bures,,80,bures,False,,,True,True,proposed_full,30,proposed_full,,0.0,,10,,0.1,,,,,,,,,,,120,,,,,0.2,0,,,,,,,,,,0.0,0.0,Proposed: local + prototypes + global refinement,docs/proposed_method.md §0,docs/proposed_method.md,2.896417786853903,0.0,0.0
0.0,,fixed_marginal_correlation_crisis,,,,,A4,0.0,1.0,0.0,,nan,nan,2.5196282623147352,nan,,,local_global_no_prototype,bures,,80,bures,False,,,True,False,proposed_local_global_no_proto,30,proposed_local_global_no_proto,,0.0,,10,,0.1,,,,,,,,,,,120,,,,,0.2,0,,,,,,,,,,0.0,0.0,"Proposed: local + global, no prototypes",docs/experiment_plan.md §2.2,docs/experiment_plan.md,2.896417786853903,0.0,0.0
0.0,,fixed_marginal_correlation_crisis,,,,,A4,0.0,1.0,0.0,,nan,nan,0.2404877838971912,nan,,,,,,,,,,,,,,,coordinate_w2t,,0.0,,10,,0.1,,,,,,,,,,,120,,,,,0.2,1,,,,,,,,,,0.0,0.0,Coordinate-wise W2T,"Cheng et al., Optimal Transport Based Change Point Detection and Time Series Segment Clustering, arXiv:1911.01325",https://arxiv.org/abs/1911.01325,0.2981419784619329,0.0,0.0
0.0,,fixed_marginal_correlation_crisis,,,,,A4,0.0,1.0,0.0,,nan,nan,0.2522222222222222,nan,,,,,,,,,,,,,,,ks,,0.0,,10,,0.1,,,,,,,,,,,120,,,,,0.2,1,,,,,,,,,,0.0,0.0,KS window scan,scipy.stats.ks_2samp documentation,https://docs.scipy.org/doc/scipy/reference/generated/scipy.stats.ks_2samp.html,0.27894444444444444,0.0,0.0
,,fixed_marginal_correlation_crisis,,,,,A4,0.0,1.0,0.0,,nan,nan,,nan,,,,,,,,,ruptures is not installed. Install with `pip install ruptures`.,True,,,,,pelt_l2,,,,10,,0.1,,,,,,,,,,,120,,,,,0.2,1,,,,,,,,,,0.0,0.0,PELT-L2,"Killick, Fearnhead, Eckley (2012); ruptures PELT documentation",https://ctruong.perso.math.cnrs.fr/ruptures-docs/build/html/detection/pelt.html,,0.0,1.0
,,fixed_marginal_correlation_crisis,,,,,A4,0.0,1.0,0.0,,nan,nan,,nan,,,,,,,,,ruptures is not installed. Install with `pip install ruptures`.,True,,,,,pelt_rbf,,,,10,,0.1,,,,,,,,,,,120,,,,,0.2,1,,,,,,,,,,0.0,0.0,PELT-RBF,ruptures documentation,https://centre-borelli.github.io/ruptures-docs/,,0.0,1.0
0.0,,fixed_marginal_correlation_crisis,,,,,A4,0.0,1.0,0.0,,nan,nan,0.07358474243221673,nan,,,,,,,,,,,,,,,mmd,,0.0,,10,,0.1,,,,,,,,,,,120,,,,,0.2,1,,,,,,,,,,0.0,0.0,MMD window scan,"Gretton et al., A Kernel Two-Sample Test, JMLR 2012",https://www.jmlr.org/papers/v13/gretton12a.html,0.08521714792309339,0.0,0.0
0.0,,fixed_marginal_correlation_crisis,,,,,A4,0.0,1.0,0.0,,nan,nan,0.4331733009752797,nan,,,,,,,,,,,,,,,energy,,0.0,,10,,0.1,,,,,,,,,,,120,,,,,0.2,1,,,,,,,,,,0.0,0.0,Energy distance scan,"Matteson and James, A Nonparametric Approach for Multiple Change Point Analysis of Multivariate Data, JASA 2014",https://doi.org/10.1080/01621459.2013.849605,0.5777812092580857,0.0,0.0
0.0,,fixed_marginal_correlation_crisis,,,,,A4,0.0,1.0,0.0,,nan,nan,2.533606559953136,nan,,,,,,,,,,,,,,,bures,,0.0,,10,,0.1,,,,,,,,,,,120,,,,,0.2,1,,,,,,,,,,0.0,0.0,Bures-Wasserstein covariance scan,Closed-form Gaussian/covariance 2-Wasserstein geometry,https://en.wikipedia.org/wiki/Wasserstein_metric#Normal_distributions,2.896417786853903,0.0,0.0
0.0,,fixed_marginal_correlation_crisis,,,,,A4,0.0,1.0,0.0,,nan,nan,0.2550995644676129,nan,,,,,,,,,,,,,,,sliced_wasserstein,,0.0,,10,,0.1,,,,,,,,,,,120,,,,,0.2,1,,,,,,,,,,0.0,0.0,Sliced Wasserstein window scan,POT: Python Optimal Transport documentation,https://pythonot.github.io/,0.36026983111898125,0.0,0.0
,,fixed_marginal_correlation_crisis,,,,,A4,0.0,1.0,0.0,,nan,nan,,nan,,,,,,,,,POT is not installed. Install with `pip install POT`.,True,,,,,sinkhorn,,,,10,,0.1,,,,,,,,,,,120,,,,,0.2,1,,,,,,,,,,0.0,0.0,Sinkhorn window scan,POT: Python Optimal Transport documentation,https://pythonot.github.io/,,0.0,1.0
0.0,,fixed_marginal_correlation_crisis,,,,,A4,0.0,1.0,0.0,,nan,nan,2.533606559953136,nan,,,full,bures,,80,bures,False,,,True,True,proposed_full,30,proposed_full,,0.0,,10,,0.1,,,,,,,,,,,120,,,,,0.2,1,,,,,,,,,,0.0,0.0,Proposed: local + prototypes + global refinement,docs/proposed_method.md §0,docs/proposed_method.md,2.896417786853903,0.0,0.0
0.0,,fixed_marginal_correlation_crisis,,,,,A4,0.0,1.0,0.0,,nan,nan,2.533606559953136,nan,,,local_global_no_prototype,bures,,80,bures,False,,,True,False,proposed_local_global_no_proto,30,proposed_local_global_no_proto,,0.0,,10,,0.1,,,,,,,,,,,120,,,,,0.2,1,,,,,,,,,,0.0,0.0,"Proposed: local + global, no prototypes",docs/experiment_plan.md §2.2,docs/experiment_plan.md,2.896417786853903,0.0,0.0
1.0,,fixed_marginal_correlation_crisis,168,,,,A4,0.0,1.0,1.0,,nan,nan,0.5834844936820008,nan,,,,,,,,,,,,,,,coordinate_w2t,,1.0,,10,,0.3,,,,,,,,,,,120,,,,,0.2,0,,,,,,,,,,0.0,0.0,Coordinate-wise W2T,"Cheng et al., Optimal Transport Based Change Point Detection and Time Series Segment Clustering, arXiv:1911.01325",https://arxiv.org/abs/1911.01325,0.2981419784619329,0.0,0.0
1.0,,fixed_marginal_correlation_crisis,168,,,,A4,0.0,1.0,1.0,,nan,nan,0.3666666666666667,nan,,,,,,,,,,,,,,,ks,,1.0,,10,,0.3,,,,,,,,,,,120,,,,,0.2,0,,,,,,,,,,0.0,0.0,KS window scan,scipy.stats.ks_2samp documentation,https://docs.scipy.org/doc/scipy/reference/generated/scipy.stats.ks_2samp.html,0.27894444444444444,0.0,0.0
,,fixed_marginal_correlation_crisis,,,,,A4,0.0,1.0,0.0,,nan,nan,,nan,,,,,,,,,ruptures is not installed. Install with `pip install ruptures`.,True,,,,,pelt_l2,,,,10,,0.3,,,,,,,,,,,120,,,,,0.2,0,,,,,,,,,,0.0,0.0,PELT-L2,"Killick, Fearnhead, Eckley (2012); ruptures PELT documentation",https://ctruong.perso.math.cnrs.fr/ruptures-docs/build/html/detection/pelt.html,,0.0,1.0
,,fixed_marginal_correlation_crisis,,,,,A4,0.0,1.0,0.0,,nan,nan,,nan,,,,,,,,,ruptures is not installed. Install with `pip install ruptures`.,True,,,,,pelt_rbf,,,,10,,0.3,,,,,,,,,,,120,,,,,0.2,0,,,,,,,,,,0.0,0.0,PELT-RBF,ruptures documentation,https://centre-borelli.github.io/ruptures-docs/,,0.0,1.0
1.0,,fixed_marginal_correlation_crisis,168,,,,A4,0.0,1.0,1.0,,nan,nan,0.14093120680690954,nan,,,,,,,,,,,,,,,mmd,,1.0,,10,,0.3,,,,,,,,,,,120,,,,,0.2,0,,,,,,,,,,0.0,0.0,MMD window scan,"Gretton et al., A Kernel Two-Sample Test, JMLR 2012",https://www.jmlr.org/papers/v13/gretton12a.html,0.08521714792309339,0.0,0.0
1.0,,fixed_marginal_correlation_crisis,168,,,,A4,0.0,1.0,1.0,,nan,nan,1.091966539674395,nan,,,,,,,,,,,,,,,energy,,1.0,,10,,0.3,,,,,,,,,,,120,,,,,0.2,0,,,,,,,,,,0.0,0.0,Energy distance scan,"Matteson and James, A Nonparametric Approach for Multiple Change Point Analysis of Multivariate Data, JASA 2014",https://doi.org/10.1080/01621459.2013.849605,0.5777812092580857,0.0,0.0
0.0,,fixed_marginal_correlation_crisis,,,,,A4,0.0,1.0,0.0,,nan,nan,2.5240229157074365,nan,,,,,,,,,,,,,,,bures,,0.0,,10,,0.3,,,,,,,,,,,120,,,,,0.2,0,,,,,,,,,,0.0,0.0,Bures-Wasserstein covariance scan,Closed-form Gaussian/covariance 2-Wasserstein geometry,https://en.wikipedia.org/wiki/Wasserstein_metric#Normal_distributions,2.896417786853903,0.0,0.0
1.0,,fixed_marginal_correlation_crisis,168,,,,A4,0.0,1.0,1.0,,nan,nan,0.6610427340604355,nan,,,,,,,,,,,,,,,sliced_wasserstein,,1.0,,10,,0.3,,,,,,,,,,,120,,,,,0.2,0,,,,,,,,,,0.0,0.0,Sliced Wasserstein window scan,POT: Python Optimal Transport documentation,https://pythonot.github.io/,0.36026983111898125,0.0,0.0
,,fixed_marginal_correlation_crisis,,,,,A4,0.0,1.0,0.0,,nan,nan,,nan,,,,,,,,,POT is not installed. Install with `pip install POT`.,True,,,,,sinkhorn,,,,10,,0.3,,,,,,,,,,,120,,,,,0.2,0,,,,,,,,,,0.0,0.0,Sinkhorn window scan,POT: Python Optimal Transport documentation,https://pythonot.github.io/,,0.0,1.0
0.0,,fixed_marginal_correlation_crisis,,,,,A4,0.0,1.0,0.0,,nan,nan,2.5240229157074365,nan,,,full,bures,,80,bures,False,,,True,True,proposed_full,30,proposed_full,,0.0,,10,,0.3,,,,,,,,,,,120,,,,,0.2,0,,,,,,,,,,0.0,0.0,Proposed: local + prototypes + global refinement,docs/proposed_method.md §0,docs/proposed_method.md,2.896417786853903,0.0,0.0
0.0,,fixed_marginal_correlation_crisis,,,,,A4,0.0,1.0,0.0,,nan,nan,2.5240229157074365,nan,,,local_global_no_prototype,bures,,80,bures,False,,,True,False,proposed_local_global_no_proto,30,proposed_local_global_no_proto,,0.0,,10,,0.3,,,,,,,,,,,120,,,,,0.2,0,,,,,,,,,,0.0,0.0,"Proposed: local + global, no prototypes",docs/experiment_plan.md §2.2,docs/experiment_plan.md,2.896417786853903,0.0,0.0
0.0,,fixed_marginal_correlation_crisis,,,,,A4,0.0,1.0,0.0,,nan,nan,0.2838732334487236,nan,,,,,,,,,,,,,,,coordinate_w2t,,0.0,,10,,0.3,,,,,,,,,,,120,,,,,0.2,1,,,,,,,,,,0.0,0.0,Coordinate-wise W2T,"Cheng et al., Optimal Transport Based Change Point Detection and Time Series Segment Clustering, arXiv:1911.01325",https://arxiv.org/abs/1911.01325,0.2981419784619329,0.0,0.0
0.0,,fixed_marginal_correlation_crisis,,,,,A4,0.0,1.0,0.0,,nan,nan,0.2777777777777778,nan,,,,,,,,,,,,,,,ks,,0.0,,10,,0.3,,,,,,,,,,,120,,,,,0.2,1,,,,,,,,,,0.0,0.0,KS window scan,scipy.stats.ks_2samp documentation,https://docs.scipy.org/doc/scipy/reference/generated/scipy.stats.ks_2samp.html,0.27894444444444444,0.0,0.0
,,fixed_marginal_correlation_crisis,,,,,A4,0.0,1.0,0.0,,nan,nan,,nan,,,,,,,,,ruptures is not installed. Install with `pip install ruptures`.,True,,,,,pelt_l2,,,,10,,0.3,,,,,,,,,,,120,,,,,0.2,1,,,,,,,,,,0.0,0.0,PELT-L2,"Killick, Fearnhead, Eckley (2012); ruptures PELT documentation",https://ctruong.perso.math.cnrs.fr/ruptures-docs/build/html/detection/pelt.html,,0.0,1.0
,,fixed_marginal_correlation_crisis,,,,,A4,0.0,1.0,0.0,,nan,nan,,nan,,,,,,,,,ruptures is not installed. Install with `pip install ruptures`.,True,,,,,pelt_rbf,,,,10,,0.3,,,,,,,,,,,120,,,,,0.2,1,,,,,,,,,,0.0,0.0,PELT-RBF,ruptures documentation,https://centre-borelli.github.io/ruptures-docs/,,0.0,1.0
0.0,,fixed_marginal_correlation_crisis,,,,,A4,0.0,1.0,0.0,,nan,nan,0.07358474243221673,nan,,,,,,,,,,,,,,,mmd,,0.0,,10,,0.3,,,,,,,,,,,120,,,,,0.2,1,,,,,,,,,,0.0,0.0,MMD window scan,"Gretton et al., A Kernel Two-Sample Test, JMLR 2012",https://www.jmlr.org/papers/v13/gretton12a.html,0.08521714792309339,0.0,0.0
0.0,,fixed_marginal_correlation_crisis,,,,,A4,0.0,1.0,0.0,,nan,nan,0.4645336086908422,nan,,,,,,,,,,,,,,,energy,,0.0,,10,,0.3,,,,,,,,,,,120,,,,,0.2,1,,,,,,,,,,0.0,0.0,Energy distance scan,"Matteson and James, A Nonparametric Approach for Multiple Change Point Analysis of Multivariate Data, JASA 2014",https://doi.org/10.1080/01621459.2013.849605,0.5777812092580857,0.0,0.0
0.0,,fixed_marginal_correlation_crisis,,,,,A4,0.0,1.0,0.0,,nan,nan,2.533606559953136,nan,,,,,,,,,,,,,,,bures,,0.0,,10,,0.3,,,,,,,,,,,120,,,,,0.2,1,,,,,,,,,,0.0,0.0,Bures-Wasserstein covariance scan,Closed-form Gaussian/covariance 2-Wasserstein geometry,https://en.wikipedia.org/wiki/Wasserstein_metric#Normal_distributions,2.896417786853903,0.0,0.0
0.0,,fixed_marginal_correlation_crisis,,,,,A4,0.0,1.0,0.0,,nan,nan,0.2716022213881108,nan,,,,,,,,,,,,,,,sliced_wasserstein,,0.0,,10,,0.3,,,,,,,,,,,120,,,,,0.2,1,,,,,,,,,,0.0,0.0,Sliced Wasserstein window scan,POT: Python Optimal Transport documentation,https://pythonot.github.io/,0.36026983111898125,0.0,0.0
,,fixed_marginal_correlation_crisis,,,,,A4,0.0,1.0,0.0,,nan,nan,,nan,,,,,,,,,POT is not installed. Install with `pip install POT`.,True,,,,,sinkhorn,,,,10,,0.3,,,,,,,,,,,120,,,,,0.2,1,,,,,,,,,,0.0,0.0,Sinkhorn window scan,POT: Python Optimal Transport documentation,https://pythonot.github.io/,,0.0,1.0
0.0,,fixed_marginal_correlation_crisis,,,,,A4,0.0,1.0,0.0,,nan,nan,2.533606559953136,nan,,,full,bures,,80,bures,False,,,True,True,proposed_full,30,proposed_full,,0.0,,10,,0.3,,,,,,,,,,,120,,,,,0.2,1,,,,,,,,,,0.0,0.0,Proposed: local + prototypes + global refinement,docs/proposed_method.md §0,docs/proposed_method.md,2.896417786853903,0.0,0.0
0.0,,fixed_marginal_correlation_crisis,,,,,A4,0.0,1.0,0.0,,nan,nan,2.533606559953136,nan,,,local_global_no_prototype,bures,,80,bures,False,,,True,False,proposed_local_global_no_proto,30,proposed_local_global_no_proto,,0.0,,10,,0.3,,,,,,,,,,,120,,,,,0.2,1,,,,,,,,,,0.0,0.0,"Proposed: local + global, no prototypes",docs/experiment_plan.md §2.2,docs/experiment_plan.md,2.896417786853903,0.0,0.0
,,low_rank_factor_shock,,,,,A5,0.0,1.0,0.0,,nan,nan,,nan,,,,,,,,,ruptures is not installed. Install with `pip install ruptures`.,True,,,,,pelt_rbf,,,,20,,,,0.1,,,,,,,,1,120,,,,,,0,,,,,,,dense,,,0.0,0.0,PELT-RBF,ruptures documentation,https://centre-borelli.github.io/ruptures-docs/,,0.0,1.0
1.0,,low_rank_factor_shock,94,,,,A5,0.0,1.0,1.0,,nan,nan,0.052313570195216284,nan,,,,,,,,,,,,,,,mmd,,1.0,,20,,,,0.1,,,,,,,,1,120,,,,,,0,,,,,,,dense,,,0.0,0.0,MMD window scan,"Gretton et al., A Kernel Two-Sample Test, JMLR 2012",https://www.jmlr.org/papers/v13/gretton12a.html,0.05098848807252862,0.0,0.0
1.0,,low_rank_factor_shock,35,,,,A5,0.0,1.0,1.0,,nan,nan,0.3863328313667544,nan,,,,,,,,,,,,,,,sliced_wasserstein,,1.0,,20,,,,0.1,,,,,,,,1,120,,,,,,0,,,,,,,dense,,,0.0,0.0,Sliced Wasserstein window scan,POT: Python Optimal Transport documentation,https://pythonot.github.io/,0.3775655395079887,0.0,0.0
,,low_rank_factor_shock,,,,,A5,0.0,1.0,0.0,,nan,nan,,nan,,,,,,,,,POT is not installed. Install with `pip install POT`.,True,,,,,sinkhorn,,,,20,,,,0.1,,,,,,,,1,120,,,,,,0,,,,,,,dense,,,0.0,0.0,Sinkhorn window scan,POT: Python Optimal Transport documentation,https://pythonot.github.io/,,0.0,1.0
1.0,,low_rank_factor_shock,108;140,,,,A5,0.6666666666666666,0.0,1.0,,12.0,12.0,5.931521306130014,12.0,,,,,,,,,,,,,,,covariance_frobenius,,2.0,,20,,,,0.1,,,,,,,,1,120,,,,,,0,,,,,,,dense,,,0.5,1.0,Covariance Frobenius-distance scan,docs/experiment_plan.md A5 baseline,docs/experiment_plan.md,5.844715698070275,1.0,0.0
1.0,,low_rank_factor_shock,154,,,,A5,0.0,1.0,1.0,,nan,nan,1.414195718338857,nan,,,,,,,,,,,,,,,pca_subspace,,1.0,,20,,,,0.1,,,,,,,,1,120,,,,,,0,,,,,,,dense,,,0.0,0.0,PCA subspace-distance scan,docs/experiment_plan.md A5 baseline,docs/experiment_plan.md,1.4141684399060586,0.0,0.0
1.0,,low_rank_factor_shock,114,,,,A5,1.0,0.0,0.0,,6.0,6.0,8.697465746218183,6.0,,,,,,,,,,,,,,,bures,,1.0,,20,,,,0.1,,,,,,,,1,120,,,,,,0,,,,,,,dense,,,1.0,1.0,Bures-Wasserstein covariance scan,Closed-form Gaussian/covariance 2-Wasserstein geometry,https://en.wikipedia.org/wiki/Wasserstein_metric#Normal_distributions,8.344362356729798,1.0,0.0
1.0,,low_rank_factor_shock,139,,,,A5,0.0,1.0,1.0,,nan,nan,8.697465746218183,nan,,,full,bures,,80,bures,False,,,True,True,proposed_full,30,proposed_full,,1.0,,20,,,,0.1,,,,,,,,1,120,,,,,,0,,,,,,,dense,,,0.0,0.0,Proposed: local + prototypes + global refinement,docs/proposed_method.md §0,docs/proposed_method.md,8.344404161519144,0.0,0.0
,,low_rank_factor_shock,,,,,A5,0.0,1.0,0.0,,nan,nan,,nan,,,,,,,,,ruptures is not installed. Install with `pip install ruptures`.,True,,,,,pelt_rbf,,,,20,,,,0.1,,,,,,,,1,120,,,,,,1,,,,,,,dense,,,0.0,0.0,PELT-RBF,ruptures documentation,https://centre-borelli.github.io/ruptures-docs/,,0.0,1.0
1.0,,low_rank_factor_shock,168,,,,A5,0.0,1.0,1.0,,nan,nan,0.05107324656637776,nan,,,,,,,,,,,,,,,mmd,,1.0,,20,,,,0.1,,,,,,,,1,120,,,,,,1,,,,,,,dense,,,0.0,0.0,MMD window scan,"Gretton et al., A Kernel Two-Sample Test, JMLR 2012",https://www.jmlr.org/papers/v13/gretton12a.html,0.04905520065902478,0.0,0.0
1.0,,low_rank_factor_shock,30,,,,A5,0.0,1.0,1.0,,nan,nan,0.38811875486124914,nan,,,,,,,,,,,,,,,sliced_wasserstein,,1.0,,20,,,,0.1,,,,,,,,1,120,,,,,,1,,,,,,,dense,,,0.0,0.0,Sliced Wasserstein window scan,POT: Python Optimal Transport documentation,https://pythonot.github.io/,0.37930804084468983,0.0,0.0
,,low_rank_factor_shock,,,,,A5,0.0,1.0,0.0,,nan,nan,,nan,,,,,,,,,POT is not installed. Install with `pip install POT`.,True,,,,,sinkhorn,,,,20,,,,0.1,,,,,,,,1,120,,,,,,1,,,,,,,dense,,,0.0,0.0,Sinkhorn window scan,POT: Python Optimal Transport documentation,https://pythonot.github.io/,,0.0,1.0
1.0,,low_rank_factor_shock,51;169,,,,A5,0.0,1.0,2.0,,nan,nan,6.140322392133854,nan,,,,,,,,,,,,,,,covariance_frobenius,,2.0,,20,,,,0.1,,,,,,,,1,120,,,,,,1,,,,,,,dense,,,0.0,0.0,Covariance Frobenius-distance scan,docs/experiment_plan.md A5 baseline,docs/experiment_plan.md,6.062347281785003,0.0,0.0
1.0,,low_rank_factor_shock,80;136,,,,A5,0.0,1.0,2.0,,nan,nan,1.4142135048477082,nan,,,,,,,,,,,,,,,pca_subspace,,2.0,,20,,,,0.1,,,,,,,,1,120,,,,,,1,,,,,,,dense,,,0.0,0.0,PCA subspace-distance scan,docs/experiment_plan.md A5 baseline,docs/experiment_plan.md,1.4141464998332842,0.0,0.0
1.0,,low_rank_factor_shock,169,,,,A5,0.0,1.0,1.0,,nan,nan,9.150339963332524,nan,,,,,,,,,,,,,,,bures,,1.0,,20,,,,0.1,,,,,,,,1,120,,,,,,1,,,,,,,dense,,,0.0,0.0,Bures-Wasserstein covariance scan,Closed-form Gaussian/covariance 2-Wasserstein geometry,https://en.wikipedia.org/wiki/Wasserstein_metric#Normal_distributions,8.791803727833047,0.0,0.0
1.0,,low_rank_factor_shock,169,,,,A5,0.0,1.0,1.0,,nan,nan,9.150339963332524,nan,,,full,bures,,80,bures,False,,,True,True,proposed_full,30,proposed_full,,1.0,,20,,,,0.1,,,,,,,,1,120,,,,,,1,,,,,,,dense,,,0.0,0.0,Proposed: local + prototypes + global refinement,docs/proposed_method.md §0,docs/proposed_method.md,8.792552004013126,0.0,0.0
,,low_rank_factor_shock,,,,,A5,0.0,1.0,0.0,,nan,nan,,nan,,,,,,,,,ruptures is not installed. Install with `pip install ruptures`.,True,,,,,pelt_rbf,,,,20,,,,0.5,,,,,,,,1,120,,,,,,0,,,,,,,dense,,,0.0,0.0,PELT-RBF,ruptures documentation,https://centre-borelli.github.io/ruptures-docs/,,0.0,1.0
1.0,,low_rank_factor_shock,92,,,,A5,0.0,1.0,1.0,,nan,nan,0.05266607134736567,nan,,,,,,,,,,,,,,,mmd,,1.0,,20,,,,0.5,,,,,,,,1,120,,,,,,0,,,,,,,dense,,,0.0,0.0,MMD window scan,"Gretton et al., A Kernel Two-Sample Test, JMLR 2012",https://www.jmlr.org/papers/v13/gretton12a.html,0.05046424867361267,0.0,0.0
1.0,,low_rank_factor_shock,35,,,,A5,0.0,1.0,1.0,,nan,nan,0.3863328313667544,nan,,,,,,,,,,,,,,,sliced_wasserstein,,1.0,,20,,,,0.5,,,,,,,,1,120,,,,,,0,,,,,,,dense,,,0.0,0.0,Sliced Wasserstein window scan,POT: Python Optimal Transport documentation,https://pythonot.github.io/,0.3775655395079887,0.0,0.0
,,low_rank_factor_shock,,,,,A5,0.0,1.0,0.0,,nan,nan,,nan,,,,,,,,,POT is not installed. Install with `pip install POT`.,True,,,,,sinkhorn,,,,20,,,,0.5,,,,,,,,1,120,,,,,,0,,,,,,,dense,,,0.0,0.0,Sinkhorn window scan,POT: Python Optimal Transport documentation,https://pythonot.github.io/,,0.0,1.0
1.0,,low_rank_factor_shock,162,,,,A5,0.0,1.0,1.0,,nan,nan,5.918197607410455,nan,,,,,,,,,,,,,,,covariance_frobenius,,1.0,,20,,,,0.5,,,,,,,,1,120,,,,,,0,,,,,,,dense,,,0.0,0.0,Covariance Frobenius-distance scan,docs/experiment_plan.md A5 baseline,docs/experiment_plan.md,5.884950651242535,0.0,0.0
1.0,,low_rank_factor_shock,151;182,,,,A5,0.0,1.0,2.0,,nan,nan,1.4142135197372319,nan,,,,,,,,,,,,,,,pca_subspace,,2.0,,20,,,,0.5,,,,,,,,1,120,,,,,,0,,,,,,,dense,,,0.0,0.0,PCA subspace-distance scan,docs/experiment_plan.md A5 baseline,docs/experiment_plan.md,1.4142026202814133,0.0,0.0
1.0,,low_rank_factor_shock,114,,,,A5,1.0,0.0,0.0,,6.0,6.0,8.780004237924524,6.0,,,,,,,,,,,,,,,bures,,1.0,,20,,,,0.5,,,,,,,,1,120,,,,,,0,,,,,,,dense,,,1.0,1.0,Bures-Wasserstein covariance scan,Closed-form Gaussian/covariance 2-Wasserstein geometry,https://en.wikipedia.org/wiki/Wasserstein_metric#Normal_distributions,8.407008493592844,1.0,0.0
1.0,,low_rank_factor_shock,114,,,,A5,1.0,0.0,0.0,,6.0,6.0,8.780004237924524,6.0,,,full,bures,,80,bures,False,,,True,True,proposed_full,30,proposed_full,,1.0,,20,,,,0.5,,,,,,,,1,120,,,,,,0,,,,,,,dense,,,1.0,1.0,Proposed: local + prototypes + global refinement,docs/proposed_method.md §0,docs/proposed_method.md,8.40799112776584,1.0,0.0
,,low_rank_factor_shock,,,,,A5,0.0,1.0,0.0,,nan,nan,,nan,,,,,,,,,ruptures is not installed. Install with `pip install ruptures`.,True,,,,,pelt_rbf,,,,20,,,,0.5,,,,,,,,1,120,,,,,,1,,,,,,,dense,,,0.0,0.0,PELT-RBF,ruptures documentation,https://centre-borelli.github.io/ruptures-docs/,,0.0,1.0
1.0,,low_rank_factor_shock,168,,,,A5,0.0,1.0,1.0,,nan,nan,0.05101732418678199,nan,,,,,,,,,,,,,,,mmd,,1.0,,20,,,,0.5,,,,,,,,1,120,,,,,,1,,,,,,,dense,,,0.0,0.0,MMD window scan,"Gretton et al., A Kernel Two-Sample Test, JMLR 2012",https://www.jmlr.org/papers/v13/gretton12a.html,0.04911031069485306,0.0,0.0
1.0,,low_rank_factor_shock,30,,,,A5,0.0,1.0,1.0,,nan,nan,0.38811875486124914,nan,,,,,,,,,,,,,,,sliced_wasserstein,,1.0,,20,,,,0.5,,,,,,,,1,120,,,,,,1,,,,,,,dense,,,0.0,0.0,Sliced Wasserstein window scan,POT: Python Optimal Transport documentation,https://pythonot.github.io/,0.37930804084468983,0.0,0.0
,,low_rank_factor_shock,,,,,A5,0.0,1.0,0.0,,nan,nan,,nan,,,,,,,,,POT is not installed. Install with `pip install POT`.,True,,,,,sinkhorn,,,,20,,,,0.5,,,,,,,,1,120,,,,,,1,,,,,,,dense,,,0.0,0.0,Sinkhorn window scan,POT: Python Optimal Transport documentation,https://pythonot.github.io/,,0.0,1.0
1.0,,low_rank_factor_shock,51;169,,,,A5,0.0,1.0,2.0,,nan,nan,6.2385301324727696,nan,,,,,,,,,,,,,,,covariance_frobenius,,2.0,,20,,,,0.5,,,,,,,,1,120,,,,,,1,,,,,,,dense,,,0.0,0.0,Covariance Frobenius-distance scan,docs/experiment_plan.md A5 baseline,docs/experiment_plan.md,6.064884299256206,0.0,0.0
1.0,,low_rank_factor_shock,80;133,,,,A5,0.6666666666666666,0.0,1.0,,13.0,13.0,1.4142135048477082,13.0,,,,,,,,,,,,,,,pca_subspace,,2.0,,20,,,,0.5,,,,,,,,1,120,,,,,,1,,,,,,,dense,,,0.5,1.0,PCA subspace-distance scan,docs/experiment_plan.md A5 baseline,docs/experiment_plan.md,1.4141808909019356,1.0,0.0
1.0,,low_rank_factor_shock,169,,,,A5,0.0,1.0,1.0,,nan,nan,9.291050843537564,nan,,,,,,,,,,,,,,,bures,,1.0,,20,,,,0.5,,,,,,,,1,120,,,,,,1,,,,,,,dense,,,0.0,0.0,Bures-Wasserstein covariance scan,Closed-form Gaussian/covariance 2-Wasserstein geometry,https://en.wikipedia.org/wiki/Wasserstein_metric#Normal_distributions,8.907880734688252,0.0,0.0
1.0,,low_rank_factor_shock,169,,,,A5,0.0,1.0,1.0,,nan,nan,9.291050843537564,nan,,,full,bures,,80,bures,False,,,True,True,proposed_full,30,proposed_full,,1.0,,20,,,,0.5,,,,,,,,1,120,,,,,,1,,,,,,,dense,,,0.0,0.0,Proposed: local + prototypes + global refinement,docs/proposed_method.md §0,docs/proposed_method.md,8.909112755215281,0.0,0.0
1.0,,transient_shock,281,,,,A6,0.6666666666666666,1.0,0.0,,26.0,26.0,0.3375998330517091,26.0,,,,,,,,,,,,,,,coordinate_w2_matched_filter,,1.0,,,,,,,,large,,,250,250,,,,,,False,,,0,,,5,volatility,,,,,,1.0,0.5,Coordinate-wise W2 + matched filter,"Cheng et al., arXiv:1911.01325",https://arxiv.org/abs/1911.01325,0.26391525140511013,1.0,0.0
0.0,,transient_shock,,,,,A6,0.0,2.0,0.0,,nan,nan,0.046737622370134034,nan,,,,,,,,,,,,,,,mmd,,0.0,,,,,,,,large,,,250,250,,,,,,False,,,0,,,5,volatility,,,,,,0.0,0.0,MMD window scan,"Gretton et al., A Kernel Two-Sample Test, JMLR 2012",https://www.jmlr.org/papers/v13/gretton12a.html,0.08752783773839697,0.0,0.0
,,transient_shock,,,,,A6,0.0,2.0,0.0,,nan,nan,,nan,,,,,,,,,ruptures is not installed. Install with `pip install ruptures`.,True,,,,,pelt_rbf,,,,,,,,,,large,,,250,250,,,,,,False,,,0,,,5,volatility,,,,,,0.0,0.0,PELT-RBF,ruptures documentation,https://centre-borelli.github.io/ruptures-docs/,,0.0,1.0
0.0,,transient_shock,,,,,A6,0.0,2.0,0.0,,nan,nan,0.003968253968253969,nan,,,,,0.003968253968253968,,,,,,,,,,bocpd_gaussian,,0.0,,,,,,,,large,,,250,250,,,,,,False,,,0,,,5,volatility,,,,,,0.0,0.0,Bayesian Online Change Point Detection,"Adams and MacKay, Bayesian Online Changepoint Detection, arXiv:0710.3742; dtolpin/bocd",https://arxiv.org/abs/0710.3742,0.00396825396825397,0.0,0.0
0.0,,transient_shock,,,,,A6,0.0,2.0,0.0,,nan,nan,11.218299145810253,nan,,,,,,,,,,,,,,,cusum_mean,,0.0,,,,,,,,large,,,250,250,,,,,,False,,,0,,,5,volatility,,,,,,0.0,0.0,CUSUM mean alarm,Classic cumulative-sum sequential monitoring,https://en.wikipedia.org/wiki/CUSUM,25.331175341476886,0.0,0.0
0.0,,transient_shock,,,,,A6,0.0,2.0,0.0,,nan,nan,10.985634155301273,nan,,,,,,,,,,,,,,,ewma_vol,,0.0,,,,,,,,large,,,250,250,,,,,,False,,,0,,,5,volatility,,,,,,0.0,0.0,EWMA volatility alarm,RiskMetrics-style EWMA volatility monitoring,https://www.msci.com/research-and-insights/paper/1996-riskmetrics-technical-document,14.097801051336349,0.0,0.0
0.0,,transient_shock,,,,,A6,0.0,2.0,0.0,,nan,nan,0.38739508056650096,nan,,,full,sliced,,126,sliced_wasserstein,False,,,True,True,proposed_full,63,proposed_full,,0.0,,,,,,,,large,,,250,250,,,,,,False,,,0,,,5,volatility,,,,,,0.0,0.0,Proposed: local + prototypes + global refinement,docs/proposed_method.md §0,docs/proposed_method.md,0.4161546628291348,0.0,0.0
0.0,,transient_shock,,,,,A6,0.0,2.0,0.0,,nan,nan,0.38739508056650096,nan,,,local_only,sliced,,126,sliced_wasserstein,False,,,False,False,proposed_local_only,63,proposed_local_only,,0.0,,,,,,,,large,,,250,250,,,,,,False,,,0,,,5,volatility,,,,,,0.0,0.0,Proposed: local alert only,docs/experiment_plan.md §2.2,docs/experiment_plan.md,0.4161546628291348,0.0,0.0
0.0,,transient_shock,,,,,A6,0.0,2.0,0.0,,nan,nan,0.38739508056650096,nan,,,local_only,sliced,,126,sliced_wasserstein,False,,,False,False,proposed_local_persistence_proxy,63,proposed_local_persistence_proxy,,0.0,,,,,,,,large,,,250,250,,,,,,False,,,0,,,5,volatility,,,,,,0.0,0.0,Proposed: local + persistence proxy,docs/experiment_plan.md §2.2,docs/experiment_plan.md,0.4161546628291348,0.0,0.0
0.0,,transient_shock,,,,,A6,0.0,2.0,0.0,,nan,nan,0.13316028699122034,nan,,,,,,,,,,,,,,,coordinate_w2_matched_filter,,0.0,,,,,,,,large,,,250,250,,,,,,False,,,1,,,5,volatility,,,,,,0.0,0.0,Coordinate-wise W2 + matched filter,"Cheng et al., arXiv:1911.01325",https://arxiv.org/abs/1911.01325,0.26391525140511013,0.0,0.0
0.0,,transient_shock,,,,,A6,0.0,2.0,0.0,,nan,nan,0.06597934355682217,nan,,,,,,,,,,,,,,,mmd,,0.0,,,,,,,,large,,,250,250,,,,,,False,,,1,,,5,volatility,,,,,,0.0,0.0,MMD window scan,"Gretton et al., A Kernel Two-Sample Test, JMLR 2012",https://www.jmlr.org/papers/v13/gretton12a.html,0.08752783773839697,0.0,0.0
,,transient_shock,,,,,A6,0.0,2.0,0.0,,nan,nan,,nan,,,,,,,,,ruptures is not installed. Install with `pip install ruptures`.,True,,,,,pelt_rbf,,,,,,,,,,large,,,250,250,,,,,,False,,,1,,,5,volatility,,,,,,0.0,0.0,PELT-RBF,ruptures documentation,https://centre-borelli.github.io/ruptures-docs/,,0.0,1.0
0.0,,transient_shock,,,,,A6,0.0,2.0,0.0,,nan,nan,0.003968253968253969,nan,,,,,0.003968253968253968,,,,,,,,,,bocpd_gaussian,,0.0,,,,,,,,large,,,250,250,,,,,,False,,,1,,,5,volatility,,,,,,0.0,0.0,Bayesian Online Change Point Detection,"Adams and MacKay, Bayesian Online Changepoint Detection, arXiv:0710.3742; dtolpin/bocd",https://arxiv.org/abs/0710.3742,0.00396825396825397,0.0,0.0
0.0,,transient_shock,,,,,A6,0.0,2.0,0.0,,nan,nan,15.04146422303021,nan,,,,,,,,,,,,,,,cusum_mean,,0.0,,,,,,,,large,,,250,250,,,,,,False,,,1,,,5,volatility,,,,,,0.0,0.0,CUSUM mean alarm,Classic cumulative-sum sequential monitoring,https://en.wikipedia.org/wiki/CUSUM,25.331175341476886,0.0,0.0
0.0,,transient_shock,,,,,A6,0.0,2.0,0.0,,nan,nan,12.210281413549888,nan,,,,,,,,,,,,,,,ewma_vol,,0.0,,,,,,,,large,,,250,250,,,,,,False,,,1,,,5,volatility,,,,,,0.0,0.0,EWMA volatility alarm,RiskMetrics-style EWMA volatility monitoring,https://www.msci.com/research-and-insights/paper/1996-riskmetrics-technical-document,14.097801051336349,0.0,0.0
0.0,,transient_shock,,,,,A6,0.0,2.0,0.0,,nan,nan,0.1975164687825389,nan,,,full,sliced,,126,sliced_wasserstein,False,,,True,True,proposed_full,63,proposed_full,,0.0,,,,,,,,large,,,250,250,,,,,,False,,,1,,,5,volatility,,,,,,0.0,0.0,Proposed: local + prototypes + global refinement,docs/proposed_method.md §0,docs/proposed_method.md,0.4161546628291348,0.0,0.0
0.0,,transient_shock,,,,,A6,0.0,2.0,0.0,,nan,nan,0.1975164687825389,nan,,,local_only,sliced,,126,sliced_wasserstein,False,,,False,False,proposed_local_only,63,proposed_local_only,,0.0,,,,,,,,large,,,250,250,,,,,,False,,,1,,,5,volatility,,,,,,0.0,0.0,Proposed: local alert only,docs/experiment_plan.md §2.2,docs/experiment_plan.md,0.4161546628291348,0.0,0.0
0.0,,transient_shock,,,,,A6,0.0,2.0,0.0,,nan,nan,0.1975164687825389,nan,,,local_only,sliced,,126,sliced_wasserstein,False,,,False,False,proposed_local_persistence_proxy,63,proposed_local_persistence_proxy,,0.0,,,,,,,,large,,,250,250,,,,,,False,,,1,,,5,volatility,,,,,,0.0,0.0,Proposed: local + persistence proxy,docs/experiment_plan.md §2.2,docs/experiment_plan.md,0.4161546628291348,0.0,0.0
1.0,,persistent_regime_shift,245;410,,,,A6,0.6666666666666666,0.0,1.0,,5.0,5.0,1.4859430674460345,5.0,,,,,,,,,,,,,,,coordinate_w2_matched_filter,,2.0,,,,,,,,medium,,,250,250,,,,,,True,,,0,,,0,volatility,,,,,,0.5,1.0,Coordinate-wise W2 + matched filter,"Cheng et al., arXiv:1911.01325",https://arxiv.org/abs/1911.01325,0.26584696551835313,1.0,0.0
0.0,,persistent_regime_shift,,,,,A6,0.0,1.0,0.0,,nan,nan,0.08502058325488206,nan,,,,,,,,,,,,,,,mmd,,0.0,,,,,,,,medium,,,250,250,,,,,,True,,,0,,,0,volatility,,,,,,0.0,0.0,MMD window scan,"Gretton et al., A Kernel Two-Sample Test, JMLR 2012",https://www.jmlr.org/papers/v13/gretton12a.html,0.08551891193928685,0.0,0.0
,,persistent_regime_shift,,,,,A6,0.0,1.0,0.0,,nan,nan,,nan,,,,,,,,,ruptures is not installed. Install with `pip install ruptures`.,True,,,,,pelt_rbf,,,,,,,,,,medium,,,250,250,,,,,,True,,,0,,,0,volatility,,,,,,0.0,0.0,PELT-RBF,ruptures documentation,https://centre-borelli.github.io/ruptures-docs/,,0.0,1.0
1.0,,persistent_regime_shift,182;319;386,,,,A6,0.0,1.0,3.0,,nan,nan,0.0040322580645161315,nan,,,,,0.004032258064516129,,,,,,,,,,bocpd_gaussian,,3.0,,,,,,,,medium,,,250,250,,,,,,True,,,0,,,0,volatility,,,,,,0.0,0.0,Bayesian Online Change Point Detection,"Adams and MacKay, Bayesian Online Changepoint Detection, arXiv:0710.3742; dtolpin/bocd",https://arxiv.org/abs/0710.3742,0.004032258064516131,0.0,0.0
1.0,,persistent_regime_shift,402,,,,A6,0.0,1.0,1.0,,nan,nan,29.56680846600801,nan,,,,,,,,,,,,,,,cusum_mean,,1.0,,,,,,,,medium,,,250,250,,,,,,True,,,0,,,0,volatility,,,,,,0.0,0.0,CUSUM mean alarm,Classic cumulative-sum sequential monitoring,https://en.wikipedia.org/wiki/CUSUM,24.781105425285723,0.0,0.0
1.0,,persistent_regime_shift,253;428,,,,A6,0.6666666666666666,0.0,1.0,,3.0,3.0,40.74358545050623,3.0,,,,,,,,,,,,,,,ewma_vol,,2.0,,,,,,,,medium,,,250,250,,,,,,True,,,0,,,0,volatility,,,,,,0.5,1.0,EWMA volatility alarm,RiskMetrics-style EWMA volatility monitoring,https://www.msci.com/research-and-insights/paper/1996-riskmetrics-technical-document,14.097808263067432,1.0,0.0
1.0,,persistent_regime_shift,211;250;286;339;404,,,,A6,0.33333333333333337,0.0,4.0,,0.0,0.0,1.8846813830883569,0.0,,,full,sliced,,124,sliced_wasserstein,False,,,True,True,proposed_full,62,proposed_full,,5.0,,,,,,,,medium,,,250,250,,,,,,True,,,0,,,0,volatility,,,,,,0.2,1.0,Proposed: local + prototypes + global refinement,docs/proposed_method.md §0,docs/proposed_method.md,0.40976257489186546,1.0,0.0
1.0,,persistent_regime_shift,211;250;286;339;371;404,,,,A6,0.2857142857142857,0.0,5.0,,0.0,0.0,1.8846813830883569,0.0,,,local_only,sliced,,124,sliced_wasserstein,False,,,False,False,proposed_local_only,62,proposed_local_only,,6.0,,,,,,,,medium,,,250,250,,,,,,True,,,0,,,0,volatility,,,,,,0.16666666666666666,1.0,Proposed: local alert only,docs/experiment_plan.md §2.2,docs/experiment_plan.md,0.40976257489186546,1.0,0.0
1.0,,persistent_regime_shift,211;250;286;339;371;404,,,,A6,0.2857142857142857,0.0,5.0,,0.0,0.0,1.8846813830883569,0.0,,,local_only,sliced,,124,sliced_wasserstein,False,,,False,False,proposed_local_persistence_proxy,62,proposed_local_persistence_proxy,,6.0,,,,,,,,medium,,,250,250,,,,,,True,,,0,,,0,volatility,,,,,,0.16666666666666666,1.0,Proposed: local + persistence proxy,docs/experiment_plan.md §2.2,docs/experiment_plan.md,0.40976257489186546,1.0,0.0
1.0,,persistent_regime_shift,263;427,,,,A6,0.6666666666666666,0.0,1.0,,13.0,13.0,1.4775567479250389,13.0,,,,,,,,,,,,,,,coordinate_w2_matched_filter,,2.0,,,,,,,,medium,,,250,250,,,,,,True,,,1,,,0,volatility,,,,,,0.5,1.0,Coordinate-wise W2 + matched filter,"Cheng et al., arXiv:1911.01325",https://arxiv.org/abs/1911.01325,0.26584696551835313,1.0,0.0
1.0,,persistent_regime_shift,267,,,,A6,1.0,0.0,0.0,,17.0,17.0,0.21145151654684521,17.0,,,,,,,,,,,,,,,mmd,,1.0,,,,,,,,medium,,,250,250,,,,,,True,,,1,,,0,volatility,,,,,,1.0,1.0,MMD window scan,"Gretton et al., A Kernel Two-Sample Test, JMLR 2012",https://www.jmlr.org/papers/v13/gretton12a.html,0.08551891193928685,1.0,0.0
,,persistent_regime_shift,,,,,A6,0.0,1.0,0.0,,nan,nan,,nan,,,,,,,,,ruptures is not installed. Install with `pip install ruptures`.,True,,,,,pelt_rbf,,,,,,,,,,medium,,,250,250,,,,,,True,,,1,,,0,volatility,,,,,,0.0,0.0,PELT-RBF,ruptures documentation,https://centre-borelli.github.io/ruptures-docs/,,0.0,1.0
1.0,,persistent_regime_shift,267;332;394,,,,A6,0.5,0.0,2.0,,17.0,17.0,0.0040322580645161315,17.0,,,,,0.004032258064516129,,,,,,,,,,bocpd_gaussian,,3.0,,,,,,,,medium,,,250,250,,,,,,True,,,1,,,0,volatility,,,,,,0.3333333333333333,1.0,Bayesian Online Change Point Detection,"Adams and MacKay, Bayesian Online Changepoint Detection, arXiv:0710.3742; dtolpin/bocd",https://arxiv.org/abs/0710.3742,0.004032258064516131,1.0,0.0
1.0,,persistent_regime_shift,437,,,,A6,0.0,1.0,1.0,,nan,nan,47.798481229313374,nan,,,,,,,,,,,,,,,cusum_mean,,1.0,,,,,,,,medium,,,250,250,,,,,,True,,,1,,,0,volatility,,,,,,0.0,0.0,CUSUM mean alarm,Classic cumulative-sum sequential monitoring,https://en.wikipedia.org/wiki/CUSUM,24.781105425285723,0.0,0.0
0.0,,persistent_regime_shift,,,,,A6,0.0,1.0,0.0,,nan,nan,12.299156675549419,nan,,,,,,,,,,,,,,,ewma_vol,,0.0,,,,,,,,medium,,,250,250,,,,,,True,,,1,,,0,volatility,,,,,,0.0,0.0,EWMA volatility alarm,RiskMetrics-style EWMA volatility monitoring,https://www.msci.com/research-and-insights/paper/1996-riskmetrics-technical-document,14.097808263067432,0.0,0.0
1.0,,persistent_regime_shift,266,,,,A6,1.0,0.0,0.0,,16.0,16.0,1.9728347085294544,16.0,,,full,sliced,,124,sliced_wasserstein,False,,,True,True,proposed_full,62,proposed_full,,1.0,,,,,,,,medium,,,250,250,,,,,,True,,,1,,,0,volatility,,,,,,1.0,1.0,Proposed: local + prototypes + global refinement,docs/proposed_method.md §0,docs/proposed_method.md,0.40976257489186546,1.0,0.0
1.0,,persistent_regime_shift,232;266;299;369;436,,,,A6,0.33333333333333337,0.0,4.0,,16.0,16.0,1.9728347085294544,16.0,,,local_only,sliced,,124,sliced_wasserstein,False,,,False,False,proposed_local_only,62,proposed_local_only,,5.0,,,,,,,,medium,,,250,250,,,,,,True,,,1,,,0,volatility,,,,,,0.2,1.0,Proposed: local alert only,docs/experiment_plan.md §2.2,docs/experiment_plan.md,0.40976257489186546,1.0,0.0
1.0,,persistent_regime_shift,232;266;299;369;436,,,,A6,0.33333333333333337,0.0,4.0,,16.0,16.0,1.9728347085294544,16.0,,,local_only,sliced,,124,sliced_wasserstein,False,,,False,False,proposed_local_persistence_proxy,62,proposed_local_persistence_proxy,,5.0,,,,,,,,medium,,,250,250,,,,,,True,,,1,,,0,volatility,,,,,,0.2,1.0,Proposed: local + persistence proxy,docs/experiment_plan.md §2.2,docs/experiment_plan.md,0.40976257489186546,1.0,0.0
0.0,,duplicate_peak_tail,,0.0,nan,0.0,A7,0.0,1.0,0.0,,nan,nan,0.12492551895046802,nan,0.0,,,,,,,,,,,,,,coordinate_w2_matched_filter,,0.0,,,,,,,none,,,,,,1,,120,low,8,,,,0,,tail,,,medium,,,,50,0.0,0.0,Coordinate-wise W2 + matched filter,"Cheng et al., arXiv:1911.01325",https://arxiv.org/abs/1911.01325,0.24778080935158758,0.0,0.0
0.0,,duplicate_peak_tail,,0.0,nan,0.0,A7,0.0,1.0,0.0,,nan,nan,0.0577025926148121,nan,0.0,,,,,,,,,,,,,,mmd,,0.0,,,,,,,none,,,,,,1,,120,low,8,,,,0,,tail,,,medium,,,,50,0.0,0.0,MMD window scan,"Gretton et al., A Kernel Two-Sample Test, JMLR 2012",https://www.jmlr.org/papers/v13/gretton12a.html,0.09814997742243207,0.0,0.0
0.0,,duplicate_peak_tail,,0.0,nan,0.0,A7,0.0,1.0,0.0,,nan,nan,0.0577025926148121,nan,0.0,,,,,,,,,,,,,,window_rbf,,0.0,,,,,,,none,,,,,,1,,120,low,8,,,,0,,tail,,,medium,,,,50,0.0,0.0,Window-based CPD,ruptures window method,https://centre-borelli.github.io/ruptures-docs/,0.09814997742243207,0.0,0.0
0.0,,duplicate_peak_tail,,0.0,nan,0.0,A7,0.0,1.0,0.0,,nan,nan,0.19332674725629345,nan,0.0,,full,sliced,,100,sliced_wasserstein,False,,,True,True,proposed_full,50,proposed_full,,0.0,,,,,,,none,,,,,,1,,120,low,8,,,,0,,tail,,,medium,,,,50,0.0,0.0,Proposed: local + prototypes + global refinement,docs/proposed_method.md §0,docs/proposed_method.md,0.3814687062052614,0.0,0.0
0.0,,duplicate_peak_tail,,0.0,nan,0.0,A7,0.0,1.0,0.0,,nan,nan,0.19332674725629345,nan,0.0,,local_only,sliced,,100,sliced_wasserstein,False,,,False,False,proposed_local_persistence_proxy,50,proposed_local_persistence_proxy,,0.0,,,,,,,none,,,,,,1,,120,low,8,,,,0,,tail,,,medium,,,,50,0.0,0.0,Proposed: local + persistence proxy,docs/experiment_plan.md §2.2,docs/experiment_plan.md,0.3814687062052614,0.0,0.0
0.0,,duplicate_peak_tail,,0.0,nan,0.0,A7,0.0,1.0,0.0,,nan,nan,0.16428589308706038,nan,0.0,,,,,,,,,,,,,,coordinate_w2_matched_filter,,0.0,,,,,,,none,,,,,,1,,120,low,8,,,,1,,tail,,,medium,,,,50,0.0,0.0,Coordinate-wise W2 + matched filter,"Cheng et al., arXiv:1911.01325",https://arxiv.org/abs/1911.01325,0.24778080935158758,0.0,0.0
0.0,,duplicate_peak_tail,,0.0,nan,0.0,A7,0.0,1.0,0.0,,nan,nan,0.06615449618565421,nan,0.0,,,,,,,,,,,,,,mmd,,0.0,,,,,,,none,,,,,,1,,120,low,8,,,,1,,tail,,,medium,,,,50,0.0,0.0,MMD window scan,"Gretton et al., A Kernel Two-Sample Test, JMLR 2012",https://www.jmlr.org/papers/v13/gretton12a.html,0.09814997742243207,0.0,0.0
0.0,,duplicate_peak_tail,,0.0,nan,0.0,A7,0.0,1.0,0.0,,nan,nan,0.06615449618565421,nan,0.0,,,,,,,,,,,,,,window_rbf,,0.0,,,,,,,none,,,,,,1,,120,low,8,,,,1,,tail,,,medium,,,,50,0.0,0.0,Window-based CPD,ruptures window method,https://centre-borelli.github.io/ruptures-docs/,0.09814997742243207,0.0,0.0
0.0,,duplicate_peak_tail,,0.0,nan,0.0,A7,0.0,1.0,0.0,,nan,nan,0.23280103084546888,nan,0.0,,full,sliced,,100,sliced_wasserstein,False,,,True,True,proposed_full,50,proposed_full,,0.0,,,,,,,none,,,,,,1,,120,low,8,,,,1,,tail,,,medium,,,,50,0.0,0.0,Proposed: local + prototypes + global refinement,docs/proposed_method.md §0,docs/proposed_method.md,0.3814687062052614,0.0,0.0
0.0,,duplicate_peak_tail,,0.0,nan,0.0,A7,0.0,1.0,0.0,,nan,nan,0.23280103084546888,nan,0.0,,local_only,sliced,,100,sliced_wasserstein,False,,,False,False,proposed_local_persistence_proxy,50,proposed_local_persistence_proxy,,0.0,,,,,,,none,,,,,,1,,120,low,8,,,,1,,tail,,,medium,,,,50,0.0,0.0,Proposed: local + persistence proxy,docs/experiment_plan.md §2.2,docs/experiment_plan.md,0.3814687062052614,0.0,0.0
0.0,,duplicate_peak_tail,,0.0,nan,0.0,A7,0.0,1.0,0.0,,nan,nan,0.2029971773480262,nan,0.0,,,,,,,,,,,,,,coordinate_w2_matched_filter,,0.0,,,,,,,none,,,,,,1,,120,high,8,,,,0,,tail,,,medium,,,,50,0.0,0.0,Coordinate-wise W2 + matched filter,"Cheng et al., arXiv:1911.01325",https://arxiv.org/abs/1911.01325,0.24778080935158758,0.0,0.0
0.0,,duplicate_peak_tail,,0.0,nan,0.0,A7,0.0,1.0,0.0,,nan,nan,0.07061730576811805,nan,0.0,,,,,,,,,,,,,,mmd,,0.0,,,,,,,none,,,,,,1,,120,high,8,,,,0,,tail,,,medium,,,,50,0.0,0.0,MMD window scan,"Gretton et al., A Kernel Two-Sample Test, JMLR 2012",https://www.jmlr.org/papers/v13/gretton12a.html,0.09814997742243207,0.0,0.0
0.0,,duplicate_peak_tail,,0.0,nan,0.0,A7,0.0,1.0,0.0,,nan,nan,0.07061730576811805,nan,0.0,,,,,,,,,,,,,,window_rbf,,0.0,,,,,,,none,,,,,,1,,120,high,8,,,,0,,tail,,,medium,,,,50,0.0,0.0,Window-based CPD,ruptures window method,https://centre-borelli.github.io/ruptures-docs/,0.09814997742243207,0.0,0.0
0.0,,duplicate_peak_tail,,0.0,nan,0.0,A7,0.0,1.0,0.0,,nan,nan,0.3276606450431623,nan,0.0,,full,sliced,,100,sliced_wasserstein,False,,,True,True,proposed_full,50,proposed_full,,0.0,,,,,,,none,,,,,,1,,120,high,8,,,,0,,tail,,,medium,,,,50,0.0,0.0,Proposed: local + prototypes + global refinement,docs/proposed_method.md §0,docs/proposed_method.md,0.3814687062052614,0.0,0.0
0.0,,duplicate_peak_tail,,0.0,nan,0.0,A7,0.0,1.0,0.0,,nan,nan,0.3276606450431623,nan,0.0,,local_only,sliced,,100,sliced_wasserstein,False,,,False,False,proposed_local_persistence_proxy,50,proposed_local_persistence_proxy,,0.0,,,,,,,none,,,,,,1,,120,high,8,,,,0,,tail,,,medium,,,,50,0.0,0.0,Proposed: local + persistence proxy,docs/experiment_plan.md §2.2,docs/experiment_plan.md,0.3814687062052614,0.0,0.0
0.0,,duplicate_peak_tail,,0.0,nan,0.0,A7,0.0,1.0,0.0,,nan,nan,0.16563045840062582,nan,0.0,,,,,,,,,,,,,,coordinate_w2_matched_filter,,0.0,,,,,,,none,,,,,,1,,120,high,8,,,,1,,tail,,,medium,,,,50,0.0,0.0,Coordinate-wise W2 + matched filter,"Cheng et al., arXiv:1911.01325",https://arxiv.org/abs/1911.01325,0.24778080935158758,0.0,0.0
0.0,,duplicate_peak_tail,,0.0,nan,0.0,A7,0.0,1.0,0.0,,nan,nan,0.03006957182259804,nan,0.0,,,,,,,,,,,,,,mmd,,0.0,,,,,,,none,,,,,,1,,120,high,8,,,,1,,tail,,,medium,,,,50,0.0,0.0,MMD window scan,"Gretton et al., A Kernel Two-Sample Test, JMLR 2012",https://www.jmlr.org/papers/v13/gretton12a.html,0.09814997742243207,0.0,0.0
0.0,,duplicate_peak_tail,,0.0,nan,0.0,A7,0.0,1.0,0.0,,nan,nan,0.03006957182259804,nan,0.0,,,,,,,,,,,,,,window_rbf,,0.0,,,,,,,none,,,,,,1,,120,high,8,,,,1,,tail,,,medium,,,,50,0.0,0.0,Window-based CPD,ruptures window method,https://centre-borelli.github.io/ruptures-docs/,0.09814997742243207,0.0,0.0
0.0,,duplicate_peak_tail,,0.0,nan,0.0,A7,0.0,1.0,0.0,,nan,nan,0.2710327232782076,nan,0.0,,full,sliced,,100,sliced_wasserstein,False,,,True,True,proposed_full,50,proposed_full,,0.0,,,,,,,none,,,,,,1,,120,high,8,,,,1,,tail,,,medium,,,,50,0.0,0.0,Proposed: local + prototypes + global refinement,docs/proposed_method.md §0,docs/proposed_method.md,0.3814687062052614,0.0,0.0
0.0,,duplicate_peak_tail,,0.0,nan,0.0,A7,0.0,1.0,0.0,,nan,nan,0.2710327232782076,nan,0.0,,local_only,sliced,,100,sliced_wasserstein,False,,,False,False,proposed_local_persistence_proxy,50,proposed_local_persistence_proxy,,0.0,,,,,,,none,,,,,,1,,120,high,8,,,,1,,tail,,,medium,,,,50,0.0,0.0,Proposed: local + persistence proxy,docs/experiment_plan.md §2.2,docs/experiment_plan.md,0.3814687062052614,0.0,0.0
0.0,,duplicate_peak_tail,,0.0,nan,0.0,A7,0.0,1.0,0.0,,nan,nan,0.07408617172665721,nan,0.0,,,,,,,,,,,,,,coordinate_w2_matched_filter,,0.0,,,,,,,none,,,,,,1,,120,low,8,,,,0,,tail,,,medium,,,,100,0.0,0.0,Coordinate-wise W2 + matched filter,"Cheng et al., arXiv:1911.01325",https://arxiv.org/abs/1911.01325,0.10626090849518066,0.0,0.0
1.0,,duplicate_peak_tail,140,0.0,0.0,1.0,A7,1.0,0.0,0.0,,20.0,20.0,0.05107670425152803,20.0,1.0,,,,,,,,,,,,,,mmd,,1.0,,,,,,,none,,,,,,1,,120,low,8,,,,0,,tail,,,medium,,,,100,1.0,1.0,MMD window scan,"Gretton et al., A Kernel Two-Sample Test, JMLR 2012",https://www.jmlr.org/papers/v13/gretton12a.html,0.04118585625776634,1.0,0.0
1.0,,duplicate_peak_tail,140,0.0,0.0,1.0,A7,1.0,0.0,0.0,,20.0,20.0,0.05107670425152803,20.0,1.0,,,,,,,,,,,,,,window_rbf,,1.0,,,,,,,none,,,,,,1,,120,low,8,,,,0,,tail,,,medium,,,,100,1.0,1.0,Window-based CPD,ruptures window method,https://centre-borelli.github.io/ruptures-docs/,0.04118585625776634,1.0,0.0
0.0,,duplicate_peak_tail,,0.0,nan,0.0,A7,0.0,1.0,0.0,,nan,nan,0.16606598504295997,nan,0.0,,full,sliced,,200,sliced_wasserstein,False,,,True,True,proposed_full,100,proposed_full,,0.0,,,,,,,none,,,,,,1,,120,low,8,,,,0,,tail,,,medium,,,,100,0.0,0.0,Proposed: local + prototypes + global refinement,docs/proposed_method.md §0,docs/proposed_method.md,0.1827937465524398,0.0,0.0
0.0,,duplicate_peak_tail,,0.0,nan,0.0,A7,0.0,1.0,0.0,,nan,nan,0.16606598504295997,nan,0.0,,local_only,sliced,,200,sliced_wasserstein,False,,,False,False,proposed_local_persistence_proxy,100,proposed_local_persistence_proxy,,0.0,,,,,,,none,,,,,,1,,120,low,8,,,,0,,tail,,,medium,,,,100,0.0,0.0,Proposed: local + persistence proxy,docs/experiment_plan.md §2.2,docs/experiment_plan.md,0.1827937465524398,0.0,0.0
0.0,,duplicate_peak_tail,,0.0,nan,0.0,A7,0.0,1.0,0.0,,nan,nan,0.07892023867199761,nan,0.0,,,,,,,,,,,,,,coordinate_w2_matched_filter,,0.0,,,,,,,none,,,,,,1,,120,low,8,,,,1,,tail,,,medium,,,,100,0.0,0.0,Coordinate-wise W2 + matched filter,"Cheng et al., arXiv:1911.01325",https://arxiv.org/abs/1911.01325,0.10626090849518066,0.0,0.0
0.0,,duplicate_peak_tail,,0.0,nan,0.0,A7,0.0,1.0,0.0,,nan,nan,0.01987092335977663,nan,0.0,,,,,,,,,,,,,,mmd,,0.0,,,,,,,none,,,,,,1,,120,low,8,,,,1,,tail,,,medium,,,,100,0.0,0.0,MMD window scan,"Gretton et al., A Kernel Two-Sample Test, JMLR 2012",https://www.jmlr.org/papers/v13/gretton12a.html,0.04118585625776634,0.0,0.0
0.0,,duplicate_peak_tail,,0.0,nan,0.0,A7,0.0,1.0,0.0,,nan,nan,0.01987092335977663,nan,0.0,,,,,,,,,,,,,,window_rbf,,0.0,,,,,,,none,,,,,,1,,120,low,8,,,,1,,tail,,,medium,,,,100,0.0,0.0,Window-based CPD,ruptures window method,https://centre-borelli.github.io/ruptures-docs/,0.04118585625776634,0.0,0.0
0.0,,duplicate_peak_tail,,0.0,nan,0.0,A7,0.0,1.0,0.0,,nan,nan,0.15212580813239224,nan,0.0,,full,sliced,,200,sliced_wasserstein,False,,,True,True,proposed_full,100,proposed_full,,0.0,,,,,,,none,,,,,,1,,120,low,8,,,,1,,tail,,,medium,,,,100,0.0,0.0,Proposed: local + prototypes + global refinement,docs/proposed_method.md §0,docs/proposed_method.md,0.1827937465524398,0.0,0.0
0.0,,duplicate_peak_tail,,0.0,nan,0.0,A7,0.0,1.0,0.0,,nan,nan,0.15212580813239224,nan,0.0,,local_only,sliced,,200,sliced_wasserstein,False,,,False,False,proposed_local_persistence_proxy,100,proposed_local_persistence_proxy,,0.0,,,,,,,none,,,,,,1,,120,low,8,,,,1,,tail,,,medium,,,,100,0.0,0.0,Proposed: local + persistence proxy,docs/experiment_plan.md §2.2,docs/experiment_plan.md,0.1827937465524398,0.0,0.0
0.0,,duplicate_peak_tail,,0.0,nan,0.0,A7,0.0,1.0,0.0,,nan,nan,0.07312269633773112,nan,0.0,,,,,,,,,,,,,,coordinate_w2_matched_filter,,0.0,,,,,,,none,,,,,,1,,120,high,8,,,,0,,tail,,,medium,,,,100,0.0,0.0,Coordinate-wise W2 + matched filter,"Cheng et al., arXiv:1911.01325",https://arxiv.org/abs/1911.01325,0.10626090849518066,0.0,0.0
0.0,,duplicate_peak_tail,,0.0,nan,0.0,A7,0.0,1.0,0.0,,nan,nan,0.03956074575902757,nan,0.0,,,,,,,,,,,,,,mmd,,0.0,,,,,,,none,,,,,,1,,120,high,8,,,,0,,tail,,,medium,,,,100,0.0,0.0,MMD window scan,"Gretton et al., A Kernel Two-Sample Test, JMLR 2012",https://www.jmlr.org/papers/v13/gretton12a.html,0.04118585625776634,0.0,0.0
0.0,,duplicate_peak_tail,,0.0,nan,0.0,A7,0.0,1.0,0.0,,nan,nan,0.03956074575902757,nan,0.0,,,,,,,,,,,,,,window_rbf,,0.0,,,,,,,none,,,,,,1,,120,high,8,,,,0,,tail,,,medium,,,,100,0.0,0.0,Window-based CPD,ruptures window method,https://centre-borelli.github.io/ruptures-docs/,0.04118585625776634,0.0,0.0
1.0,,duplicate_peak_tail,,0.0,nan,0.0,A7,0.0,1.0,0.0,,nan,nan,0.18382485090102837,nan,0.0,,full,sliced,,200,sliced_wasserstein,False,,,True,True,proposed_full,100,proposed_full,,0.0,,,,,,,none,,,,,,1,,120,high,8,,,,0,,tail,,,medium,,,,100,0.0,0.0,Proposed: local + prototypes + global refinement,docs/proposed_method.md §0,docs/proposed_method.md,0.1827937465524398,0.0,0.0
1.0,,duplicate_peak_tail,,0.0,nan,0.0,A7,0.0,1.0,0.0,,nan,nan,0.18382485090102837,nan,0.0,,local_only,sliced,,200,sliced_wasserstein,False,,,False,False,proposed_local_persistence_proxy,100,proposed_local_persistence_proxy,,0.0,,,,,,,none,,,,,,1,,120,high,8,,,,0,,tail,,,medium,,,,100,0.0,0.0,Proposed: local + persistence proxy,docs/experiment_plan.md §2.2,docs/experiment_plan.md,0.1827937465524398,0.0,0.0
0.0,,duplicate_peak_tail,,0.0,nan,0.0,A7,0.0,1.0,0.0,,nan,nan,0.06335113677552259,nan,0.0,,,,,,,,,,,,,,coordinate_w2_matched_filter,,0.0,,,,,,,none,,,,,,1,,120,high,8,,,,1,,tail,,,medium,,,,100,0.0,0.0,Coordinate-wise W2 + matched filter,"Cheng et al., arXiv:1911.01325",https://arxiv.org/abs/1911.01325,0.10626090849518066,0.0,0.0
0.0,,duplicate_peak_tail,,0.0,nan,0.0,A7,0.0,1.0,0.0,,nan,nan,0.013098443686256567,nan,0.0,,,,,,,,,,,,,,mmd,,0.0,,,,,,,none,,,,,,1,,120,high,8,,,,1,,tail,,,medium,,,,100,0.0,0.0,MMD window scan,"Gretton et al., A Kernel Two-Sample Test, JMLR 2012",https://www.jmlr.org/papers/v13/gretton12a.html,0.04118585625776634,0.0,0.0
0.0,,duplicate_peak_tail,,0.0,nan,0.0,A7,0.0,1.0,0.0,,nan,nan,0.013098443686256567,nan,0.0,,,,,,,,,,,,,,window_rbf,,0.0,,,,,,,none,,,,,,1,,120,high,8,,,,1,,tail,,,medium,,,,100,0.0,0.0,Window-based CPD,ruptures window method,https://centre-borelli.github.io/ruptures-docs/,0.04118585625776634,0.0,0.0
0.0,,duplicate_peak_tail,,0.0,nan,0.0,A7,0.0,1.0,0.0,,nan,nan,0.12552301763057522,nan,0.0,,full,sliced,,200,sliced_wasserstein,False,,,True,True,proposed_full,100,proposed_full,,0.0,,,,,,,none,,,,,,1,,120,high,8,,,,1,,tail,,,medium,,,,100,0.0,0.0,Proposed: local + prototypes + global refinement,docs/proposed_method.md §0,docs/proposed_method.md,0.1827937465524398,0.0,0.0
0.0,,duplicate_peak_tail,,0.0,nan,0.0,A7,0.0,1.0,0.0,,nan,nan,0.12552301763057522,nan,0.0,,local_only,sliced,,200,sliced_wasserstein,False,,,False,False,proposed_local_persistence_proxy,100,proposed_local_persistence_proxy,,0.0,,,,,,,none,,,,,,1,,120,high,8,,,,1,,tail,,,medium,,,,100,0.0,0.0,Proposed: local + persistence proxy,docs/experiment_plan.md §2.2,docs/experiment_plan.md,0.1827937465524398,0.0,0.0
0.0,,duplicate_peak_tail,,0.0,nan,0.0,A7,0.0,1.0,0.0,,nan,nan,0.12903091017881588,nan,0.0,,,,,,,,,,,,,,coordinate_w2_matched_filter,,0.0,,,,,,,none,,,,,,1,,120,low,4,,,,0,,tail,,,strong,,,,50,0.0,0.0,Coordinate-wise W2 + matched filter,"Cheng et al., arXiv:1911.01325",https://arxiv.org/abs/1911.01325,0.24778080935158758,0.0,0.0
0.0,,duplicate_peak_tail,,0.0,nan,0.0,A7,0.0,1.0,0.0,,nan,nan,0.07281667202794317,nan,0.0,,,,,,,,,,,,,,mmd,,0.0,,,,,,,none,,,,,,1,,120,low,4,,,,0,,tail,,,strong,,,,50,0.0,0.0,MMD window scan,"Gretton et al., A Kernel Two-Sample Test, JMLR 2012",https://www.jmlr.org/papers/v13/gretton12a.html,0.09814997742243207,0.0,0.0
0.0,,duplicate_peak_tail,,0.0,nan,0.0,A7,0.0,1.0,0.0,,nan,nan,0.07281667202794317,nan,0.0,,,,,,,,,,,,,,window_rbf,,0.0,,,,,,,none,,,,,,1,,120,low,4,,,,0,,tail,,,strong,,,,50,0.0,0.0,Window-based CPD,ruptures window method,https://centre-borelli.github.io/ruptures-docs/,0.09814997742243207,0.0,0.0
0.0,,duplicate_peak_tail,,0.0,nan,0.0,A7,0.0,1.0,0.0,,nan,nan,0.20247320345391667,nan,0.0,,full,sliced,,100,sliced_wasserstein,False,,,True,True,proposed_full,50,proposed_full,,0.0,,,,,,,none,,,,,,1,,120,low,4,,,,0,,tail,,,strong,,,,50,0.0,0.0,Proposed: local + prototypes + global refinement,docs/proposed_method.md §0,docs/proposed_method.md,0.3814687062052614,0.0,0.0
0.0,,duplicate_peak_tail,,0.0,nan,0.0,A7,0.0,1.0,0.0,,nan,nan,0.20247320345391667,nan,0.0,,local_only,sliced,,100,sliced_wasserstein,False,,,False,False,proposed_local_persistence_proxy,50,proposed_local_persistence_proxy,,0.0,,,,,,,none,,,,,,1,,120,low,4,,,,0,,tail,,,strong,,,,50,0.0,0.0,Proposed: local + persistence proxy,docs/experiment_plan.md §2.2,docs/experiment_plan.md,0.3814687062052614,0.0,0.0
1.0,,duplicate_peak_tail,109,0.0,0.0,1.0,A7,1.0,0.0,0.0,,11.0,11.0,0.32896169746339826,11.0,1.0,,,,,,,,,,,,,,coordinate_w2_matched_filter,,1.0,,,,,,,none,,,,,,1,,120,low,4,,,,1,,tail,,,strong,,,,50,1.0,1.0,Coordinate-wise W2 + matched filter,"Cheng et al., arXiv:1911.01325",https://arxiv.org/abs/1911.01325,0.24778080935158758,1.0,0.0
0.0,,duplicate_peak_tail,,0.0,nan,0.0,A7,0.0,1.0,0.0,,nan,nan,0.0900034878990184,nan,0.0,,,,,,,,,,,,,,mmd,,0.0,,,,,,,none,,,,,,1,,120,low,4,,,,1,,tail,,,strong,,,,50,0.0,0.0,MMD window scan,"Gretton et al., A Kernel Two-Sample Test, JMLR 2012",https://www.jmlr.org/papers/v13/gretton12a.html,0.09814997742243207,0.0,0.0
0.0,,duplicate_peak_tail,,0.0,nan,0.0,A7,0.0,1.0,0.0,,nan,nan,0.0900034878990184,nan,0.0,,,,,,,,,,,,,,window_rbf,,0.0,,,,,,,none,,,,,,1,,120,low,4,,,,1,,tail,,,strong,,,,50,0.0,0.0,Window-based CPD,ruptures window method,https://centre-borelli.github.io/ruptures-docs/,0.09814997742243207,0.0,0.0
1.0,,duplicate_peak_tail,,0.0,nan,0.0,A7,0.0,1.0,0.0,,nan,nan,0.4552503961065197,nan,0.0,,full,sliced,,100,sliced_wasserstein,False,,,True,True,proposed_full,50,proposed_full,,0.0,,,,,,,none,,,,,,1,,120,low,4,,,,1,,tail,,,strong,,,,50,0.0,0.0,Proposed: local + prototypes + global refinement,docs/proposed_method.md §0,docs/proposed_method.md,0.3814687062052614,0.0,0.0
1.0,,duplicate_peak_tail,101,0.0,0.0,1.0,A7,1.0,0.0,0.0,,19.0,19.0,0.4552503961065197,19.0,1.0,,local_only,sliced,,100,sliced_wasserstein,False,,,False,False,proposed_local_persistence_proxy,50,proposed_local_persistence_proxy,,1.0,,,,,,,none,,,,,,1,,120,low,4,,,,1,,tail,,,strong,,,,50,1.0,1.0,Proposed: local + persistence proxy,docs/experiment_plan.md §2.2,docs/experiment_plan.md,0.3814687062052614,1.0,0.0
0.0,,duplicate_peak_tail,,0.0,nan,0.0,A7,0.0,1.0,0.0,,nan,nan,0.21377744291745515,nan,0.0,,,,,,,,,,,,,,coordinate_w2_matched_filter,,0.0,,,,,,,none,,,,,,1,,120,high,4,,,,0,,tail,,,strong,,,,50,0.0,0.0,Coordinate-wise W2 + matched filter,"Cheng et al., arXiv:1911.01325",https://arxiv.org/abs/1911.01325,0.24778080935158758,0.0,0.0
0.0,,duplicate_peak_tail,,0.0,nan,0.0,A7,0.0,1.0,0.0,,nan,nan,0.079005240087981,nan,0.0,,,,,,,,,,,,,,mmd,,0.0,,,,,,,none,,,,,,1,,120,high,4,,,,0,,tail,,,strong,,,,50,0.0,0.0,MMD window scan,"Gretton et al., A Kernel Two-Sample Test, JMLR 2012",https://www.jmlr.org/papers/v13/gretton12a.html,0.09814997742243207,0.0,0.0
0.0,,duplicate_peak_tail,,0.0,nan,0.0,A7,0.0,1.0,0.0,,nan,nan,0.079005240087981,nan,0.0,,,,,,,,,,,,,,window_rbf,,0.0,,,,,,,none,,,,,,1,,120,high,4,,,,0,,tail,,,strong,,,,50,0.0,0.0,Window-based CPD,ruptures window method,https://centre-borelli.github.io/ruptures-docs/,0.09814997742243207,0.0,0.0
0.0,,duplicate_peak_tail,,0.0,nan,0.0,A7,0.0,1.0,0.0,,nan,nan,0.33923720098785015,nan,0.0,,full,sliced,,100,sliced_wasserstein,False,,,True,True,proposed_full,50,proposed_full,,0.0,,,,,,,none,,,,,,1,,120,high,4,,,,0,,tail,,,strong,,,,50,0.0,0.0,Proposed: local + prototypes + global refinement,docs/proposed_method.md §0,docs/proposed_method.md,0.3814687062052614,0.0,0.0
0.0,,duplicate_peak_tail,,0.0,nan,0.0,A7,0.0,1.0,0.0,,nan,nan,0.33923720098785015,nan,0.0,,local_only,sliced,,100,sliced_wasserstein,False,,,False,False,proposed_local_persistence_proxy,50,proposed_local_persistence_proxy,,0.0,,,,,,,none,,,,,,1,,120,high,4,,,,0,,tail,,,strong,,,,50,0.0,0.0,Proposed: local + persistence proxy,docs/experiment_plan.md §2.2,docs/experiment_plan.md,0.3814687062052614,0.0,0.0
1.0,,duplicate_peak_tail,107,0.0,0.0,1.0,A7,1.0,0.0,0.0,,13.0,13.0,0.3162858411457737,13.0,1.0,,,,,,,,,,,,,,coordinate_w2_matched_filter,,1.0,,,,,,,none,,,,,,1,,120,high,4,,,,1,,tail,,,strong,,,,50,1.0,1.0,Coordinate-wise W2 + matched filter,"Cheng et al., arXiv:1911.01325",https://arxiv.org/abs/1911.01325,0.24778080935158758,1.0,0.0
0.0,,duplicate_peak_tail,,0.0,nan,0.0,A7,0.0,1.0,0.0,,nan,nan,0.046928181525056435,nan,0.0,,,,,,,,,,,,,,mmd,,0.0,,,,,,,none,,,,,,1,,120,high,4,,,,1,,tail,,,strong,,,,50,0.0,0.0,MMD window scan,"Gretton et al., A Kernel Two-Sample Test, JMLR 2012",https://www.jmlr.org/papers/v13/gretton12a.html,0.09814997742243207,0.0,0.0
0.0,,duplicate_peak_tail,,0.0,nan,0.0,A7,0.0,1.0,0.0,,nan,nan,0.046928181525056435,nan,0.0,,,,,,,,,,,,,,window_rbf,,0.0,,,,,,,none,,,,,,1,,120,high,4,,,,1,,tail,,,strong,,,,50,0.0,0.0,Window-based CPD,ruptures window method,https://centre-borelli.github.io/ruptures-docs/,0.09814997742243207,0.0,0.0
1.0,,duplicate_peak_tail,,0.0,nan,0.0,A7,0.0,1.0,0.0,,nan,nan,0.48224167196199796,nan,0.0,,full,sliced,,100,sliced_wasserstein,False,,,True,True,proposed_full,50,proposed_full,,0.0,,,,,,,none,,,,,,1,,120,high,4,,,,1,,tail,,,strong,,,,50,0.0,0.0,Proposed: local + prototypes + global refinement,docs/proposed_method.md §0,docs/proposed_method.md,0.3814687062052614,0.0,0.0
1.0,,duplicate_peak_tail,101,0.0,0.0,1.0,A7,1.0,0.0,0.0,,19.0,19.0,0.48224167196199796,19.0,1.0,,local_only,sliced,,100,sliced_wasserstein,False,,,False,False,proposed_local_persistence_proxy,50,proposed_local_persistence_proxy,,1.0,,,,,,,none,,,,,,1,,120,high,4,,,,1,,tail,,,strong,,,,50,1.0,1.0,Proposed: local + persistence proxy,docs/experiment_plan.md §2.2,docs/experiment_plan.md,0.3814687062052614,1.0,0.0
0.0,,duplicate_peak_tail,,0.0,nan,0.0,A7,0.0,1.0,0.0,,nan,nan,0.08077510616555006,nan,0.0,,,,,,,,,,,,,,coordinate_w2_matched_filter,,0.0,,,,,,,none,,,,,,1,,120,low,4,,,,0,,tail,,,strong,,,,100,0.0,0.0,Coordinate-wise W2 + matched filter,"Cheng et al., arXiv:1911.01325",https://arxiv.org/abs/1911.01325,0.10626090849518066,0.0,0.0
1.0,,duplicate_peak_tail,126,0.0,0.0,1.0,A7,1.0,0.0,0.0,,6.0,6.0,0.060196925770442576,6.0,1.0,,,,,,,,,,,,,,mmd,,1.0,,,,,,,none,,,,,,1,,120,low,4,,,,0,,tail,,,strong,,,,100,1.0,1.0,MMD window scan,"Gretton et al., A Kernel Two-Sample Test, JMLR 2012",https://www.jmlr.org/papers/v13/gretton12a.html,0.04118585625776634,1.0,0.0
1.0,,duplicate_peak_tail,126,0.0,0.0,1.0,A7,1.0,0.0,0.0,,6.0,6.0,0.060196925770442576,6.0,1.0,,,,,,,,,,,,,,window_rbf,,1.0,,,,,,,none,,,,,,1,,120,low,4,,,,0,,tail,,,strong,,,,100,1.0,1.0,Window-based CPD,ruptures window method,https://centre-borelli.github.io/ruptures-docs/,0.04118585625776634,1.0,0.0
0.0,,duplicate_peak_tail,,0.0,nan,0.0,A7,0.0,1.0,0.0,,nan,nan,0.18121939585396857,nan,0.0,,full,sliced,,200,sliced_wasserstein,False,,,True,True,proposed_full,100,proposed_full,,0.0,,,,,,,none,,,,,,1,,120,low,4,,,,0,,tail,,,strong,,,,100,0.0,0.0,Proposed: local + prototypes + global refinement,docs/proposed_method.md §0,docs/proposed_method.md,0.1827937465524398,0.0,0.0
0.0,,duplicate_peak_tail,,0.0,nan,0.0,A7,0.0,1.0,0.0,,nan,nan,0.18121939585396857,nan,0.0,,local_only,sliced,,200,sliced_wasserstein,False,,,False,False,proposed_local_persistence_proxy,100,proposed_local_persistence_proxy,,0.0,,,,,,,none,,,,,,1,,120,low,4,,,,0,,tail,,,strong,,,,100,0.0,0.0,Proposed: local + persistence proxy,docs/experiment_plan.md §2.2,docs/experiment_plan.md,0.1827937465524398,0.0,0.0
1.0,,duplicate_peak_tail,119,0.0,0.0,1.0,A7,1.0,0.0,0.0,,1.0,1.0,0.19319549944659356,1.0,1.0,,,,,,,,,,,,,,coordinate_w2_matched_filter,,1.0,,,,,,,none,,,,,,1,,120,low,4,,,,1,,tail,,,strong,,,,100,1.0,1.0,Coordinate-wise W2 + matched filter,"Cheng et al., arXiv:1911.01325",https://arxiv.org/abs/1911.01325,0.10626090849518066,1.0,0.0
0.0,,duplicate_peak_tail,,0.0,nan,0.0,A7,0.0,1.0,0.0,,nan,nan,0.018618910469568446,nan,0.0,,,,,,,,,,,,,,mmd,,0.0,,,,,,,none,,,,,,1,,120,low,4,,,,1,,tail,,,strong,,,,100,0.0,0.0,MMD window scan,"Gretton et al., A Kernel Two-Sample Test, JMLR 2012",https://www.jmlr.org/papers/v13/gretton12a.html,0.04118585625776634,0.0,0.0
0.0,,duplicate_peak_tail,,0.0,nan,0.0,A7,0.0,1.0,0.0,,nan,nan,0.018618910469568446,nan,0.0,,,,,,,,,,,,,,window_rbf,,0.0,,,,,,,none,,,,,,1,,120,low,4,,,,1,,tail,,,strong,,,,100,0.0,0.0,Window-based CPD,ruptures window method,https://centre-borelli.github.io/ruptures-docs/,0.04118585625776634,0.0,0.0
1.0,,duplicate_peak_tail,,0.0,nan,0.0,A7,0.0,1.0,0.0,,nan,nan,0.3527768558458213,nan,0.0,,full,sliced,,200,sliced_wasserstein,False,,,True,True,proposed_full,100,proposed_full,,0.0,,,,,,,none,,,,,,1,,120,low,4,,,,1,,tail,,,strong,,,,100,0.0,0.0,Proposed: local + prototypes + global refinement,docs/proposed_method.md §0,docs/proposed_method.md,0.1827937465524398,0.0,0.0
1.0,,duplicate_peak_tail,115,0.0,0.0,1.0,A7,1.0,0.0,0.0,,5.0,5.0,0.3527768558458213,5.0,1.0,,local_only,sliced,,200,sliced_wasserstein,False,,,False,False,proposed_local_persistence_proxy,100,proposed_local_persistence_proxy,,1.0,,,,,,,none,,,,,,1,,120,low,4,,,,1,,tail,,,strong,,,,100,1.0,1.0,Proposed: local + persistence proxy,docs/experiment_plan.md §2.2,docs/experiment_plan.md,0.1827937465524398,1.0,0.0
0.0,,duplicate_peak_tail,,0.0,nan,0.0,A7,0.0,1.0,0.0,,nan,nan,0.09546052369573954,nan,0.0,,,,,,,,,,,,,,coordinate_w2_matched_filter,,0.0,,,,,,,none,,,,,,1,,120,high,4,,,,0,,tail,,,strong,,,,100,0.0,0.0,Coordinate-wise W2 + matched filter,"Cheng et al., arXiv:1911.01325",https://arxiv.org/abs/1911.01325,0.10626090849518066,0.0,0.0
1.0,,duplicate_peak_tail,122,0.0,0.0,1.0,A7,1.0,0.0,0.0,,2.0,2.0,0.05192324623341107,2.0,1.0,,,,,,,,,,,,,,mmd,,1.0,,,,,,,none,,,,,,1,,120,high,4,,,,0,,tail,,,strong,,,,100,1.0,1.0,MMD window scan,"Gretton et al., A Kernel Two-Sample Test, JMLR 2012",https://www.jmlr.org/papers/v13/gretton12a.html,0.04118585625776634,1.0,0.0
1.0,,duplicate_peak_tail,122,0.0,0.0,1.0,A7,1.0,0.0,0.0,,2.0,2.0,0.05192324623341107,2.0,1.0,,,,,,,,,,,,,,window_rbf,,1.0,,,,,,,none,,,,,,1,,120,high,4,,,,0,,tail,,,strong,,,,100,1.0,1.0,Window-based CPD,ruptures window method,https://centre-borelli.github.io/ruptures-docs/,0.04118585625776634,1.0,0.0
1.0,,duplicate_peak_tail,,0.0,nan,0.0,A7,0.0,1.0,0.0,,nan,nan,0.2037643868518767,nan,0.0,,full,sliced,,200,sliced_wasserstein,False,,,True,True,proposed_full,100,proposed_full,,0.0,,,,,,,none,,,,,,1,,120,high,4,,,,0,,tail,,,strong,,,,100,0.0,0.0,Proposed: local + prototypes + global refinement,docs/proposed_method.md §0,docs/proposed_method.md,0.1827937465524398,0.0,0.0
1.0,,duplicate_peak_tail,121,0.0,0.0,1.0,A7,1.0,0.0,0.0,,1.0,1.0,0.2037643868518767,1.0,1.0,,local_only,sliced,,200,sliced_wasserstein,False,,,False,False,proposed_local_persistence_proxy,100,proposed_local_persistence_proxy,,1.0,,,,,,,none,,,,,,1,,120,high,4,,,,0,,tail,,,strong,,,,100,1.0,1.0,Proposed: local + persistence proxy,docs/experiment_plan.md §2.2,docs/experiment_plan.md,0.1827937465524398,1.0,0.0
1.0,,duplicate_peak_tail,119,0.0,0.0,1.0,A7,1.0,0.0,0.0,,1.0,1.0,0.21074539613572585,1.0,1.0,,,,,,,,,,,,,,coordinate_w2_matched_filter,,1.0,,,,,,,none,,,,,,1,,120,high,4,,,,1,,tail,,,strong,,,,100,1.0,1.0,Coordinate-wise W2 + matched filter,"Cheng et al., arXiv:1911.01325",https://arxiv.org/abs/1911.01325,0.10626090849518066,1.0,0.0
0.0,,duplicate_peak_tail,,0.0,nan,0.0,A7,0.0,1.0,0.0,,nan,nan,0.015846402271059983,nan,0.0,,,,,,,,,,,,,,mmd,,0.0,,,,,,,none,,,,,,1,,120,high,4,,,,1,,tail,,,strong,,,,100,0.0,0.0,MMD window scan,"Gretton et al., A Kernel Two-Sample Test, JMLR 2012",https://www.jmlr.org/papers/v13/gretton12a.html,0.04118585625776634,0.0,0.0
0.0,,duplicate_peak_tail,,0.0,nan,0.0,A7,0.0,1.0,0.0,,nan,nan,0.015846402271059983,nan,0.0,,,,,,,,,,,,,,window_rbf,,0.0,,,,,,,none,,,,,,1,,120,high,4,,,,1,,tail,,,strong,,,,100,0.0,0.0,Window-based CPD,ruptures window method,https://centre-borelli.github.io/ruptures-docs/,0.04118585625776634,0.0,0.0
1.0,,duplicate_peak_tail,,0.0,nan,0.0,A7,0.0,1.0,0.0,,nan,nan,0.3822212432910377,nan,0.0,,full,sliced,,200,sliced_wasserstein,False,,,True,True,proposed_full,100,proposed_full,,0.0,,,,,,,none,,,,,,1,,120,high,4,,,,1,,tail,,,strong,,,,100,0.0,0.0,Proposed: local + prototypes + global refinement,docs/proposed_method.md §0,docs/proposed_method.md,0.1827937465524398,0.0,0.0
1.0,,duplicate_peak_tail,104,0.0,0.0,1.0,A7,1.0,0.0,0.0,,16.0,16.0,0.3822212432910377,16.0,1.0,,local_only,sliced,,200,sliced_wasserstein,False,,,False,False,proposed_local_persistence_proxy,100,proposed_local_persistence_proxy,,1.0,,,,,,,none,,,,,,1,,120,high,4,,,,1,,tail,,,strong,,,,100,1.0,1.0,Proposed: local + persistence proxy,docs/experiment_plan.md §2.2,docs/experiment_plan.md,0.1827937465524398,1.0,0.0
0.0,,duplicate_peak_correlation,,0.0,nan,0.0,A7,0.0,1.0,0.0,,nan,nan,0.09620129499143573,nan,0.0,,,,,,,,,,,,,,coordinate_w2_matched_filter,,0.0,,20,,0.2,,,,,,,,,,,120,low,,,,0.2,0,,correlation,,,medium,,,,50,0.0,0.0,Coordinate-wise W2 + matched filter,"Cheng et al., arXiv:1911.01325",https://arxiv.org/abs/1911.01325,0.24778080935158758,0.0,0.0
0.0,,duplicate_peak_correlation,,0.0,nan,0.0,A7,0.0,1.0,0.0,,nan,nan,0.030578829937152087,nan,0.0,,,,,,,,,,,,,,mmd,,0.0,,20,,0.2,,,,,,,,,,,120,low,,,,0.2,0,,correlation,,,medium,,,,50,0.0,0.0,MMD window scan,"Gretton et al., A Kernel Two-Sample Test, JMLR 2012",https://www.jmlr.org/papers/v13/gretton12a.html,0.09814997742243207,0.0,0.0
0.0,,duplicate_peak_correlation,,0.0,nan,0.0,A7,0.0,1.0,0.0,,nan,nan,0.030578829937152087,nan,0.0,,,,,,,,,,,,,,window_rbf,,0.0,,20,,0.2,,,,,,,,,,,120,low,,,,0.2,0,,correlation,,,medium,,,,50,0.0,0.0,Window-based CPD,ruptures window method,https://centre-borelli.github.io/ruptures-docs/,0.09814997742243207,0.0,0.0
0.0,,duplicate_peak_correlation,,0.0,nan,0.0,A7,0.0,1.0,0.0,,nan,nan,0.10685852194560314,nan,0.0,,full,sliced,,100,sliced_wasserstein,False,,,True,True,proposed_full,50,proposed_full,,0.0,,20,,0.2,,,,,,,,,,,120,low,,,,0.2,0,,correlation,,,medium,,,,50,0.0,0.0,Proposed: local + prototypes + global refinement,docs/proposed_method.md §0,docs/proposed_method.md,0.3814687062052614,0.0,0.0
0.0,,duplicate_peak_correlation,,0.0,nan,0.0,A7,0.0,1.0,0.0,,nan,nan,0.10685852194560314,nan,0.0,,local_only,sliced,,100,sliced_wasserstein,False,,,False,False,proposed_local_persistence_proxy,50,proposed_local_persistence_proxy,,0.0,,20,,0.2,,,,,,,,,,,120,low,,,,0.2,0,,correlation,,,medium,,,,50,0.0,0.0,Proposed: local + persistence proxy,docs/experiment_plan.md §2.2,docs/experiment_plan.md,0.3814687062052614,0.0,0.0
0.0,,duplicate_peak_correlation,,0.0,nan,0.0,A7,0.0,1.0,0.0,,nan,nan,0.10284691859854347,nan,0.0,,,,,,,,,,,,,,coordinate_w2_matched_filter,,0.0,,20,,0.2,,,,,,,,,,,120,low,,,,0.2,1,,correlation,,,medium,,,,50,0.0,0.0,Coordinate-wise W2 + matched filter,"Cheng et al., arXiv:1911.01325",https://arxiv.org/abs/1911.01325,0.24778080935158758,0.0,0.0
0.0,,duplicate_peak_correlation,,0.0,nan,0.0,A7,0.0,1.0,0.0,,nan,nan,0.031576343406920324,nan,0.0,,,,,,,,,,,,,,mmd,,0.0,,20,,0.2,,,,,,,,,,,120,low,,,,0.2,1,,correlation,,,medium,,,,50,0.0,0.0,MMD window scan,"Gretton et al., A Kernel Two-Sample Test, JMLR 2012",https://www.jmlr.org/papers/v13/gretton12a.html,0.09814997742243207,0.0,0.0
0.0,,duplicate_peak_correlation,,0.0,nan,0.0,A7,0.0,1.0,0.0,,nan,nan,0.031576343406920324,nan,0.0,,,,,,,,,,,,,,window_rbf,,0.0,,20,,0.2,,,,,,,,,,,120,low,,,,0.2,1,,correlation,,,medium,,,,50,0.0,0.0,Window-based CPD,ruptures window method,https://centre-borelli.github.io/ruptures-docs/,0.09814997742243207,0.0,0.0
0.0,,duplicate_peak_correlation,,0.0,nan,0.0,A7,0.0,1.0,0.0,,nan,nan,0.13070709467100133,nan,0.0,,full,sliced,,100,sliced_wasserstein,False,,,True,True,proposed_full,50,proposed_full,,0.0,,20,,0.2,,,,,,,,,,,120,low,,,,0.2,1,,correlation,,,medium,,,,50,0.0,0.0,Proposed: local + prototypes + global refinement,docs/proposed_method.md §0,docs/proposed_method.md,0.3814687062052614,0.0,0.0
0.0,,duplicate_peak_correlation,,0.0,nan,0.0,A7,0.0,1.0,0.0,,nan,nan,0.13070709467100133,nan,0.0,,local_only,sliced,,100,sliced_wasserstein,False,,,False,False,proposed_local_persistence_proxy,50,proposed_local_persistence_proxy,,0.0,,20,,0.2,,,,,,,,,,,120,low,,,,0.2,1,,correlation,,,medium,,,,50,0.0,0.0,Proposed: local + persistence proxy,docs/experiment_plan.md §2.2,docs/experiment_plan.md,0.3814687062052614,0.0,0.0
0.0,,duplicate_peak_correlation,,0.0,nan,0.0,A7,0.0,1.0,0.0,,nan,nan,0.1101956102111465,nan,0.0,,,,,,,,,,,,,,coordinate_w2_matched_filter,,0.0,,20,,0.2,,,,,,,,,,,120,high,,,,0.2,0,,correlation,,,medium,,,,50,0.0,0.0,Coordinate-wise W2 + matched filter,"Cheng et al., arXiv:1911.01325",https://arxiv.org/abs/1911.01325,0.24778080935158758,0.0,0.0
0.0,,duplicate_peak_correlation,,0.0,nan,0.0,A7,0.0,1.0,0.0,,nan,nan,0.03156143265121234,nan,0.0,,,,,,,,,,,,,,mmd,,0.0,,20,,0.2,,,,,,,,,,,120,high,,,,0.2,0,,correlation,,,medium,,,,50,0.0,0.0,MMD window scan,"Gretton et al., A Kernel Two-Sample Test, JMLR 2012",https://www.jmlr.org/papers/v13/gretton12a.html,0.09814997742243207,0.0,0.0
0.0,,duplicate_peak_correlation,,0.0,nan,0.0,A7,0.0,1.0,0.0,,nan,nan,0.03156143265121234,nan,0.0,,,,,,,,,,,,,,window_rbf,,0.0,,20,,0.2,,,,,,,,,,,120,high,,,,0.2,0,,correlation,,,medium,,,,50,0.0,0.0,Window-based CPD,ruptures window method,https://centre-borelli.github.io/ruptures-docs/,0.09814997742243207,0.0,0.0
0.0,,duplicate_peak_correlation,,0.0,nan,0.0,A7,0.0,1.0,0.0,,nan,nan,0.11874208667250657,nan,0.0,,full,sliced,,100,sliced_wasserstein,False,,,True,True,proposed_full,50,proposed_full,,0.0,,20,,0.2,,,,,,,,,,,120,high,,,,0.2,0,,correlation,,,medium,,,,50,0.0,0.0,Proposed: local + prototypes + global refinement,docs/proposed_method.md §0,docs/proposed_method.md,0.3814687062052614,0.0,0.0
0.0,,duplicate_peak_correlation,,0.0,nan,0.0,A7,0.0,1.0,0.0,,nan,nan,0.11874208667250657,nan,0.0,,local_only,sliced,,100,sliced_wasserstein,False,,,False,False,proposed_local_persistence_proxy,50,proposed_local_persistence_proxy,,0.0,,20,,0.2,,,,,,,,,,,120,high,,,,0.2,0,,correlation,,,medium,,,,50,0.0,0.0,Proposed: local + persistence proxy,docs/experiment_plan.md §2.2,docs/experiment_plan.md,0.3814687062052614,0.0,0.0
0.0,,duplicate_peak_correlation,,0.0,nan,0.0,A7,0.0,1.0,0.0,,nan,nan,0.1190036534412718,nan,0.0,,,,,,,,,,,,,,coordinate_w2_matched_filter,,0.0,,20,,0.2,,,,,,,,,,,120,high,,,,0.2,1,,correlation,,,medium,,,,50,0.0,0.0,Coordinate-wise W2 + matched filter,"Cheng et al., arXiv:1911.01325",https://arxiv.org/abs/1911.01325,0.24778080935158758,0.0,0.0
0.0,,duplicate_peak_correlation,,0.0,nan,0.0,A7,0.0,1.0,0.0,,nan,nan,0.031332230627172386,nan,0.0,,,,,,,,,,,,,,mmd,,0.0,,20,,0.2,,,,,,,,,,,120,high,,,,0.2,1,,correlation,,,medium,,,,50,0.0,0.0,MMD window scan,"Gretton et al., A Kernel Two-Sample Test, JMLR 2012",https://www.jmlr.org/papers/v13/gretton12a.html,0.09814997742243207,0.0,0.0
0.0,,duplicate_peak_correlation,,0.0,nan,0.0,A7,0.0,1.0,0.0,,nan,nan,0.031332230627172386,nan,0.0,,,,,,,,,,,,,,window_rbf,,0.0,,20,,0.2,,,,,,,,,,,120,high,,,,0.2,1,,correlation,,,medium,,,,50,0.0,0.0,Window-based CPD,ruptures window method,https://centre-borelli.github.io/ruptures-docs/,0.09814997742243207,0.0,0.0
0.0,,duplicate_peak_correlation,,0.0,nan,0.0,A7,0.0,1.0,0.0,,nan,nan,0.14310279401224757,nan,0.0,,full,sliced,,100,sliced_wasserstein,False,,,True,True,proposed_full,50,proposed_full,,0.0,,20,,0.2,,,,,,,,,,,120,high,,,,0.2,1,,correlation,,,medium,,,,50,0.0,0.0,Proposed: local + prototypes + global refinement,docs/proposed_method.md §0,docs/proposed_method.md,0.3814687062052614,0.0,0.0
0.0,,duplicate_peak_correlation,,0.0,nan,0.0,A7,0.0,1.0,0.0,,nan,nan,0.14310279401224757,nan,0.0,,local_only,sliced,,100,sliced_wasserstein,False,,,False,False,proposed_local_persistence_proxy,50,proposed_local_persistence_proxy,,0.0,,20,,0.2,,,,,,,,,,,120,high,,,,0.2,1,,correlation,,,medium,,,,50,0.0,0.0,Proposed: local + persistence proxy,docs/experiment_plan.md §2.2,docs/experiment_plan.md,0.3814687062052614,0.0,0.0
0.0,,duplicate_peak_correlation,,0.0,nan,0.0,A7,0.0,1.0,0.0,,nan,nan,0.031069870055264376,nan,0.0,,,,,,,,,,,,,,coordinate_w2_matched_filter,,0.0,,20,,0.2,,,,,,,,,,,120,low,,,,0.2,0,,correlation,,,medium,,,,100,0.0,0.0,Coordinate-wise W2 + matched filter,"Cheng et al., arXiv:1911.01325",https://arxiv.org/abs/1911.01325,0.10626090849518066,0.0,0.0
0.0,,duplicate_peak_correlation,,0.0,nan,0.0,A7,0.0,1.0,0.0,,nan,nan,0.017544787376608428,nan,0.0,,,,,,,,,,,,,,mmd,,0.0,,20,,0.2,,,,,,,,,,,120,low,,,,0.2,0,,correlation,,,medium,,,,100,0.0,0.0,MMD window scan,"Gretton et al., A Kernel Two-Sample Test, JMLR 2012",https://www.jmlr.org/papers/v13/gretton12a.html,0.04118585625776634,0.0,0.0
0.0,,duplicate_peak_correlation,,0.0,nan,0.0,A7,0.0,1.0,0.0,,nan,nan,0.017544787376608428,nan,0.0,,,,,,,,,,,,,,window_rbf,,0.0,,20,,0.2,,,,,,,,,,,120,low,,,,0.2,0,,correlation,,,medium,,,,100,0.0,0.0,Window-based CPD,ruptures window method,https://centre-borelli.github.io/ruptures-docs/,0.04118585625776634,0.0,0.0
0.0,,duplicate_peak_correlation,,0.0,nan,0.0,A7,0.0,1.0,0.0,,nan,nan,0.06874356931627013,nan,0.0,,full,sliced,,200,sliced_wasserstein,False,,,True,True,proposed_full,100,proposed_full,,0.0,,20,,0.2,,,,,,,,,,,120,low,,,,0.2,0,,correlation,,,medium,,,,100,0.0,0.0,Proposed: local + prototypes + global refinement,docs/proposed_method.md §0,docs/proposed_method.md,0.1827937465524398,0.0,0.0
0.0,,duplicate_peak_correlation,,0.0,nan,0.0,A7,0.0,1.0,0.0,,nan,nan,0.06874356931627013,nan,0.0,,local_only,sliced,,200,sliced_wasserstein,False,,,False,False,proposed_local_persistence_proxy,100,proposed_local_persistence_proxy,,0.0,,20,,0.2,,,,,,,,,,,120,low,,,,0.2,0,,correlation,,,medium,,,,100,0.0,0.0,Proposed: local + persistence proxy,docs/experiment_plan.md §2.2,docs/experiment_plan.md,0.1827937465524398,0.0,0.0
0.0,,duplicate_peak_correlation,,0.0,nan,0.0,A7,0.0,1.0,0.0,,nan,nan,0.02865299427929536,nan,0.0,,,,,,,,,,,,,,coordinate_w2_matched_filter,,0.0,,20,,0.2,,,,,,,,,,,120,low,,,,0.2,1,,correlation,,,medium,,,,100,0.0,0.0,Coordinate-wise W2 + matched filter,"Cheng et al., arXiv:1911.01325",https://arxiv.org/abs/1911.01325,0.10626090849518066,0.0,0.0
0.0,,duplicate_peak_correlation,,0.0,nan,0.0,A7,0.0,1.0,0.0,,nan,nan,0.01441900353282446,nan,0.0,,,,,,,,,,,,,,mmd,,0.0,,20,,0.2,,,,,,,,,,,120,low,,,,0.2,1,,correlation,,,medium,,,,100,0.0,0.0,MMD window scan,"Gretton et al., A Kernel Two-Sample Test, JMLR 2012",https://www.jmlr.org/papers/v13/gretton12a.html,0.04118585625776634,0.0,0.0
0.0,,duplicate_peak_correlation,,0.0,nan,0.0,A7,0.0,1.0,0.0,,nan,nan,0.01441900353282446,nan,0.0,,,,,,,,,,,,,,window_rbf,,0.0,,20,,0.2,,,,,,,,,,,120,low,,,,0.2,1,,correlation,,,medium,,,,100,0.0,0.0,Window-based CPD,ruptures window method,https://centre-borelli.github.io/ruptures-docs/,0.04118585625776634,0.0,0.0
0.0,,duplicate_peak_correlation,,0.0,nan,0.0,A7,0.0,1.0,0.0,,nan,nan,0.05427754939427271,nan,0.0,,full,sliced,,200,sliced_wasserstein,False,,,True,True,proposed_full,100,proposed_full,,0.0,,20,,0.2,,,,,,,,,,,120,low,,,,0.2,1,,correlation,,,medium,,,,100,0.0,0.0,Proposed: local + prototypes + global refinement,docs/proposed_method.md §0,docs/proposed_method.md,0.1827937465524398,0.0,0.0
0.0,,duplicate_peak_correlation,,0.0,nan,0.0,A7,0.0,1.0,0.0,,nan,nan,0.05427754939427271,nan,0.0,,local_only,sliced,,200,sliced_wasserstein,False,,,False,False,proposed_local_persistence_proxy,100,proposed_local_persistence_proxy,,0.0,,20,,0.2,,,,,,,,,,,120,low,,,,0.2,1,,correlation,,,medium,,,,100,0.0,0.0,Proposed: local + persistence proxy,docs/experiment_plan.md §2.2,docs/experiment_plan.md,0.1827937465524398,0.0,0.0
0.0,,duplicate_peak_correlation,,0.0,nan,0.0,A7,0.0,1.0,0.0,,nan,nan,0.03452674185668175,nan,0.0,,,,,,,,,,,,,,coordinate_w2_matched_filter,,0.0,,20,,0.2,,,,,,,,,,,120,high,,,,0.2,0,,correlation,,,medium,,,,100,0.0,0.0,Coordinate-wise W2 + matched filter,"Cheng et al., arXiv:1911.01325",https://arxiv.org/abs/1911.01325,0.10626090849518066,0.0,0.0
0.0,,duplicate_peak_correlation,,0.0,nan,0.0,A7,0.0,1.0,0.0,,nan,nan,0.01720348006032092,nan,0.0,,,,,,,,,,,,,,mmd,,0.0,,20,,0.2,,,,,,,,,,,120,high,,,,0.2,0,,correlation,,,medium,,,,100,0.0,0.0,MMD window scan,"Gretton et al., A Kernel Two-Sample Test, JMLR 2012",https://www.jmlr.org/papers/v13/gretton12a.html,0.04118585625776634,0.0,0.0
0.0,,duplicate_peak_correlation,,0.0,nan,0.0,A7,0.0,1.0,0.0,,nan,nan,0.01720348006032092,nan,0.0,,,,,,,,,,,,,,window_rbf,,0.0,,20,,0.2,,,,,,,,,,,120,high,,,,0.2,0,,correlation,,,medium,,,,100,0.0,0.0,Window-based CPD,ruptures window method,https://centre-borelli.github.io/ruptures-docs/,0.04118585625776634,0.0,0.0
0.0,,duplicate_peak_correlation,,0.0,nan,0.0,A7,0.0,1.0,0.0,,nan,nan,0.07671005466353976,nan,0.0,,full,sliced,,200,sliced_wasserstein,False,,,True,True,proposed_full,100,proposed_full,,0.0,,20,,0.2,,,,,,,,,,,120,high,,,,0.2,0,,correlation,,,medium,,,,100,0.0,0.0,Proposed: local + prototypes + global refinement,docs/proposed_method.md §0,docs/proposed_method.md,0.1827937465524398,0.0,0.0
0.0,,duplicate_peak_correlation,,0.0,nan,0.0,A7,0.0,1.0,0.0,,nan,nan,0.07671005466353976,nan,0.0,,local_only,sliced,,200,sliced_wasserstein,False,,,False,False,proposed_local_persistence_proxy,100,proposed_local_persistence_proxy,,0.0,,20,,0.2,,,,,,,,,,,120,high,,,,0.2,0,,correlation,,,medium,,,,100,0.0,0.0,Proposed: local + persistence proxy,docs/experiment_plan.md §2.2,docs/experiment_plan.md,0.1827937465524398,0.0,0.0
0.0,,duplicate_peak_correlation,,0.0,nan,0.0,A7,0.0,1.0,0.0,,nan,nan,0.03188186819021595,nan,0.0,,,,,,,,,,,,,,coordinate_w2_matched_filter,,0.0,,20,,0.2,,,,,,,,,,,120,high,,,,0.2,1,,correlation,,,medium,,,,100,0.0,0.0,Coordinate-wise W2 + matched filter,"Cheng et al., arXiv:1911.01325",https://arxiv.org/abs/1911.01325,0.10626090849518066,0.0,0.0
0.0,,duplicate_peak_correlation,,0.0,nan,0.0,A7,0.0,1.0,0.0,,nan,nan,0.014404443954482293,nan,0.0,,,,,,,,,,,,,,mmd,,0.0,,20,,0.2,,,,,,,,,,,120,high,,,,0.2,1,,correlation,,,medium,,,,100,0.0,0.0,MMD window scan,"Gretton et al., A Kernel Two-Sample Test, JMLR 2012",https://www.jmlr.org/papers/v13/gretton12a.html,0.04118585625776634,0.0,0.0
0.0,,duplicate_peak_correlation,,0.0,nan,0.0,A7,0.0,1.0,0.0,,nan,nan,0.014404443954482293,nan,0.0,,,,,,,,,,,,,,window_rbf,,0.0,,20,,0.2,,,,,,,,,,,120,high,,,,0.2,1,,correlation,,,medium,,,,100,0.0,0.0,Window-based CPD,ruptures window method,https://centre-borelli.github.io/ruptures-docs/,0.04118585625776634,0.0,0.0
0.0,,duplicate_peak_correlation,,0.0,nan,0.0,A7,0.0,1.0,0.0,,nan,nan,0.063274641012938,nan,0.0,,full,sliced,,200,sliced_wasserstein,False,,,True,True,proposed_full,100,proposed_full,,0.0,,20,,0.2,,,,,,,,,,,120,high,,,,0.2,1,,correlation,,,medium,,,,100,0.0,0.0,Proposed: local + prototypes + global refinement,docs/proposed_method.md §0,docs/proposed_method.md,0.1827937465524398,0.0,0.0
0.0,,duplicate_peak_correlation,,0.0,nan,0.0,A7,0.0,1.0,0.0,,nan,nan,0.063274641012938,nan,0.0,,local_only,sliced,,200,sliced_wasserstein,False,,,False,False,proposed_local_persistence_proxy,100,proposed_local_persistence_proxy,,0.0,,20,,0.2,,,,,,,,,,,120,high,,,,0.2,1,,correlation,,,medium,,,,100,0.0,0.0,Proposed: local + persistence proxy,docs/experiment_plan.md §2.2,docs/experiment_plan.md,0.1827937465524398,0.0,0.0
0.0,,duplicate_peak_correlation,,0.0,nan,0.0,A7,0.0,1.0,0.0,,nan,nan,0.09613672095794905,nan,0.0,,,,,,,,,,,,,,coordinate_w2_matched_filter,,0.0,,20,,0.4,,,,,,,,,,,120,low,,,,0.2,0,,correlation,,,strong,,,,50,0.0,0.0,Coordinate-wise W2 + matched filter,"Cheng et al., arXiv:1911.01325",https://arxiv.org/abs/1911.01325,0.24778080935158758,0.0,0.0
0.0,,duplicate_peak_correlation,,0.0,nan,0.0,A7,0.0,1.0,0.0,,nan,nan,0.03589108592623049,nan,0.0,,,,,,,,,,,,,,mmd,,0.0,,20,,0.4,,,,,,,,,,,120,low,,,,0.2,0,,correlation,,,strong,,,,50,0.0,0.0,MMD window scan,"Gretton et al., A Kernel Two-Sample Test, JMLR 2012",https://www.jmlr.org/papers/v13/gretton12a.html,0.09814997742243207,0.0,0.0
0.0,,duplicate_peak_correlation,,0.0,nan,0.0,A7,0.0,1.0,0.0,,nan,nan,0.03589108592623049,nan,0.0,,,,,,,,,,,,,,window_rbf,,0.0,,20,,0.4,,,,,,,,,,,120,low,,,,0.2,0,,correlation,,,strong,,,,50,0.0,0.0,Window-based CPD,ruptures window method,https://centre-borelli.github.io/ruptures-docs/,0.09814997742243207,0.0,0.0
0.0,,duplicate_peak_correlation,,0.0,nan,0.0,A7,0.0,1.0,0.0,,nan,nan,0.11298061830342798,nan,0.0,,full,sliced,,100,sliced_wasserstein,False,,,True,True,proposed_full,50,proposed_full,,0.0,,20,,0.4,,,,,,,,,,,120,low,,,,0.2,0,,correlation,,,strong,,,,50,0.0,0.0,Proposed: local + prototypes + global refinement,docs/proposed_method.md §0,docs/proposed_method.md,0.3814687062052614,0.0,0.0
0.0,,duplicate_peak_correlation,,0.0,nan,0.0,A7,0.0,1.0,0.0,,nan,nan,0.11298061830342798,nan,0.0,,local_only,sliced,,100,sliced_wasserstein,False,,,False,False,proposed_local_persistence_proxy,50,proposed_local_persistence_proxy,,0.0,,20,,0.4,,,,,,,,,,,120,low,,,,0.2,0,,correlation,,,strong,,,,50,0.0,0.0,Proposed: local + persistence proxy,docs/experiment_plan.md §2.2,docs/experiment_plan.md,0.3814687062052614,0.0,0.0
0.0,,duplicate_peak_correlation,,0.0,nan,0.0,A7,0.0,1.0,0.0,,nan,nan,0.10482358264193338,nan,0.0,,,,,,,,,,,,,,coordinate_w2_matched_filter,,0.0,,20,,0.4,,,,,,,,,,,120,low,,,,0.2,1,,correlation,,,strong,,,,50,0.0,0.0,Coordinate-wise W2 + matched filter,"Cheng et al., arXiv:1911.01325",https://arxiv.org/abs/1911.01325,0.24778080935158758,0.0,0.0
0.0,,duplicate_peak_correlation,,0.0,nan,0.0,A7,0.0,1.0,0.0,,nan,nan,0.03952445427806213,nan,0.0,,,,,,,,,,,,,,mmd,,0.0,,20,,0.4,,,,,,,,,,,120,low,,,,0.2,1,,correlation,,,strong,,,,50,0.0,0.0,MMD window scan,"Gretton et al., A Kernel Two-Sample Test, JMLR 2012",https://www.jmlr.org/papers/v13/gretton12a.html,0.09814997742243207,0.0,0.0
0.0,,duplicate_peak_correlation,,0.0,nan,0.0,A7,0.0,1.0,0.0,,nan,nan,0.03952445427806213,nan,0.0,,,,,,,,,,,,,,window_rbf,,0.0,,20,,0.4,,,,,,,,,,,120,low,,,,0.2,1,,correlation,,,strong,,,,50,0.0,0.0,Window-based CPD,ruptures window method,https://centre-borelli.github.io/ruptures-docs/,0.09814997742243207,0.0,0.0
0.0,,duplicate_peak_correlation,,0.0,nan,0.0,A7,0.0,1.0,0.0,,nan,nan,0.13070709467100133,nan,0.0,,full,sliced,,100,sliced_wasserstein,False,,,True,True,proposed_full,50,proposed_full,,0.0,,20,,0.4,,,,,,,,,,,120,low,,,,0.2,1,,correlation,,,strong,,,,50,0.0,0.0,Proposed: local + prototypes + global refinement,docs/proposed_method.md §0,docs/proposed_method.md,0.3814687062052614,0.0,0.0
0.0,,duplicate_peak_correlation,,0.0,nan,0.0,A7,0.0,1.0,0.0,,nan,nan,0.13070709467100133,nan,0.0,,local_only,sliced,,100,sliced_wasserstein,False,,,False,False,proposed_local_persistence_proxy,50,proposed_local_persistence_proxy,,0.0,,20,,0.4,,,,,,,,,,,120,low,,,,0.2,1,,correlation,,,strong,,,,50,0.0,0.0,Proposed: local + persistence proxy,docs/experiment_plan.md §2.2,docs/experiment_plan.md,0.3814687062052614,0.0,0.0
0.0,,duplicate_peak_correlation,,0.0,nan,0.0,A7,0.0,1.0,0.0,,nan,nan,0.11077467818554827,nan,0.0,,,,,,,,,,,,,,coordinate_w2_matched_filter,,0.0,,20,,0.4,,,,,,,,,,,120,high,,,,0.2,0,,correlation,,,strong,,,,50,0.0,0.0,Coordinate-wise W2 + matched filter,"Cheng et al., arXiv:1911.01325",https://arxiv.org/abs/1911.01325,0.24778080935158758,0.0,0.0
0.0,,duplicate_peak_correlation,,0.0,nan,0.0,A7,0.0,1.0,0.0,,nan,nan,0.03398072844625448,nan,0.0,,,,,,,,,,,,,,mmd,,0.0,,20,,0.4,,,,,,,,,,,120,high,,,,0.2,0,,correlation,,,strong,,,,50,0.0,0.0,MMD window scan,"Gretton et al., A Kernel Two-Sample Test, JMLR 2012",https://www.jmlr.org/papers/v13/gretton12a.html,0.09814997742243207,0.0,0.0
0.0,,duplicate_peak_correlation,,0.0,nan,0.0,A7,0.0,1.0,0.0,,nan,nan,0.03398072844625448,nan,0.0,,,,,,,,,,,,,,window_rbf,,0.0,,20,,0.4,,,,,,,,,,,120,high,,,,0.2,0,,correlation,,,strong,,,,50,0.0,0.0,Window-based CPD,ruptures window method,https://centre-borelli.github.io/ruptures-docs/,0.09814997742243207,0.0,0.0
0.0,,duplicate_peak_correlation,,0.0,nan,0.0,A7,0.0,1.0,0.0,,nan,nan,0.13446828250339002,nan,0.0,,full,sliced,,100,sliced_wasserstein,False,,,True,True,proposed_full,50,proposed_full,,0.0,,20,,0.4,,,,,,,,,,,120,high,,,,0.2,0,,correlation,,,strong,,,,50,0.0,0.0,Proposed: local + prototypes + global refinement,docs/proposed_method.md §0,docs/proposed_method.md,0.3814687062052614,0.0,0.0
0.0,,duplicate_peak_correlation,,0.0,nan,0.0,A7,0.0,1.0,0.0,,nan,nan,0.13446828250339002,nan,0.0,,local_only,sliced,,100,sliced_wasserstein,False,,,False,False,proposed_local_persistence_proxy,50,proposed_local_persistence_proxy,,0.0,,20,,0.4,,,,,,,,,,,120,high,,,,0.2,0,,correlation,,,strong,,,,50,0.0,0.0,Proposed: local + persistence proxy,docs/experiment_plan.md §2.2,docs/experiment_plan.md,0.3814687062052614,0.0,0.0
0.0,,duplicate_peak_correlation,,0.0,nan,0.0,A7,0.0,1.0,0.0,,nan,nan,0.11975220938587655,nan,0.0,,,,,,,,,,,,,,coordinate_w2_matched_filter,,0.0,,20,,0.4,,,,,,,,,,,120,high,,,,0.2,1,,correlation,,,strong,,,,50,0.0,0.0,Coordinate-wise W2 + matched filter,"Cheng et al., arXiv:1911.01325",https://arxiv.org/abs/1911.01325,0.24778080935158758,0.0,0.0
0.0,,duplicate_peak_correlation,,0.0,nan,0.0,A7,0.0,1.0,0.0,,nan,nan,0.03649574477781903,nan,0.0,,,,,,,,,,,,,,mmd,,0.0,,20,,0.4,,,,,,,,,,,120,high,,,,0.2,1,,correlation,,,strong,,,,50,0.0,0.0,MMD window scan,"Gretton et al., A Kernel Two-Sample Test, JMLR 2012",https://www.jmlr.org/papers/v13/gretton12a.html,0.09814997742243207,0.0,0.0
0.0,,duplicate_peak_correlation,,0.0,nan,0.0,A7,0.0,1.0,0.0,,nan,nan,0.03649574477781903,nan,0.0,,,,,,,,,,,,,,window_rbf,,0.0,,20,,0.4,,,,,,,,,,,120,high,,,,0.2,1,,correlation,,,strong,,,,50,0.0,0.0,Window-based CPD,ruptures window method,https://centre-borelli.github.io/ruptures-docs/,0.09814997742243207,0.0,0.0
0.0,,duplicate_peak_correlation,,0.0,nan,0.0,A7,0.0,1.0,0.0,,nan,nan,0.1428002228773424,nan,0.0,,full,sliced,,100,sliced_wasserstein,False,,,True,True,proposed_full,50,proposed_full,,0.0,,20,,0.4,,,,,,,,,,,120,high,,,,0.2,1,,correlation,,,strong,,,,50,0.0,0.0,Proposed: local + prototypes + global refinement,docs/proposed_method.md §0,docs/proposed_method.md,0.3814687062052614,0.0,0.0
0.0,,duplicate_peak_correlation,,0.0,nan,0.0,A7,0.0,1.0,0.0,,nan,nan,0.1428002228773424,nan,0.0,,local_only,sliced,,100,sliced_wasserstein,False,,,False,False,proposed_local_persistence_proxy,50,proposed_local_persistence_proxy,,0.0,,20,,0.4,,,,,,,,,,,120,high,,,,0.2,1,,correlation,,,strong,,,,50,0.0,0.0,Proposed: local + persistence proxy,docs/experiment_plan.md §2.2,docs/experiment_plan.md,0.3814687062052614,0.0,0.0
0.0,,duplicate_peak_correlation,,0.0,nan,0.0,A7,0.0,1.0,0.0,,nan,nan,0.027743151444020602,nan,0.0,,,,,,,,,,,,,,coordinate_w2_matched_filter,,0.0,,20,,0.4,,,,,,,,,,,120,low,,,,0.2,0,,correlation,,,strong,,,,100,0.0,0.0,Coordinate-wise W2 + matched filter,"Cheng et al., arXiv:1911.01325",https://arxiv.org/abs/1911.01325,0.10626090849518066,0.0,0.0
0.0,,duplicate_peak_correlation,,0.0,nan,0.0,A7,0.0,1.0,0.0,,nan,nan,0.027230423643697144,nan,0.0,,,,,,,,,,,,,,mmd,,0.0,,20,,0.4,,,,,,,,,,,120,low,,,,0.2,0,,correlation,,,strong,,,,100,0.0,0.0,MMD window scan,"Gretton et al., A Kernel Two-Sample Test, JMLR 2012",https://www.jmlr.org/papers/v13/gretton12a.html,0.04118585625776634,0.0,0.0
0.0,,duplicate_peak_correlation,,0.0,nan,0.0,A7,0.0,1.0,0.0,,nan,nan,0.027230423643697144,nan,0.0,,,,,,,,,,,,,,window_rbf,,0.0,,20,,0.4,,,,,,,,,,,120,low,,,,0.2,0,,correlation,,,strong,,,,100,0.0,0.0,Window-based CPD,ruptures window method,https://centre-borelli.github.io/ruptures-docs/,0.04118585625776634,0.0,0.0
0.0,,duplicate_peak_correlation,,0.0,nan,0.0,A7,0.0,1.0,0.0,,nan,nan,0.0861081951329638,nan,0.0,,full,sliced,,200,sliced_wasserstein,False,,,True,True,proposed_full,100,proposed_full,,0.0,,20,,0.4,,,,,,,,,,,120,low,,,,0.2,0,,correlation,,,strong,,,,100,0.0,0.0,Proposed: local + prototypes + global refinement,docs/proposed_method.md §0,docs/proposed_method.md,0.1827937465524398,0.0,0.0
0.0,,duplicate_peak_correlation,,0.0,nan,0.0,A7,0.0,1.0,0.0,,nan,nan,0.0861081951329638,nan,0.0,,local_only,sliced,,200,sliced_wasserstein,False,,,False,False,proposed_local_persistence_proxy,100,proposed_local_persistence_proxy,,0.0,,20,,0.4,,,,,,,,,,,120,low,,,,0.2,0,,correlation,,,strong,,,,100,0.0,0.0,Proposed: local + persistence proxy,docs/experiment_plan.md §2.2,docs/experiment_plan.md,0.1827937465524398,0.0,0.0
0.0,,duplicate_peak_correlation,,0.0,nan,0.0,A7,0.0,1.0,0.0,,nan,nan,0.03127816824880977,nan,0.0,,,,,,,,,,,,,,coordinate_w2_matched_filter,,0.0,,20,,0.4,,,,,,,,,,,120,low,,,,0.2,1,,correlation,,,strong,,,,100,0.0,0.0,Coordinate-wise W2 + matched filter,"Cheng et al., arXiv:1911.01325",https://arxiv.org/abs/1911.01325,0.10626090849518066,0.0,0.0
0.0,,duplicate_peak_correlation,,0.0,nan,0.0,A7,0.0,1.0,0.0,,nan,nan,0.026268940078317548,nan,0.0,,,,,,,,,,,,,,mmd,,0.0,,20,,0.4,,,,,,,,,,,120,low,,,,0.2,1,,correlation,,,strong,,,,100,0.0,0.0,MMD window scan,"Gretton et al., A Kernel Two-Sample Test, JMLR 2012",https://www.jmlr.org/papers/v13/gretton12a.html,0.04118585625776634,0.0,0.0
0.0,,duplicate_peak_correlation,,0.0,nan,0.0,A7,0.0,1.0,0.0,,nan,nan,0.026268940078317548,nan,0.0,,,,,,,,,,,,,,window_rbf,,0.0,,20,,0.4,,,,,,,,,,,120,low,,,,0.2,1,,correlation,,,strong,,,,100,0.0,0.0,Window-based CPD,ruptures window method,https://centre-borelli.github.io/ruptures-docs/,0.04118585625776634,0.0,0.0
0.0,,duplicate_peak_correlation,,0.0,nan,0.0,A7,0.0,1.0,0.0,,nan,nan,0.07506550206898173,nan,0.0,,full,sliced,,200,sliced_wasserstein,False,,,True,True,proposed_full,100,proposed_full,,0.0,,20,,0.4,,,,,,,,,,,120,low,,,,0.2,1,,correlation,,,strong,,,,100,0.0,0.0,Proposed: local + prototypes + global refinement,docs/proposed_method.md §0,docs/proposed_method.md,0.1827937465524398,0.0,0.0
0.0,,duplicate_peak_correlation,,0.0,nan,0.0,A7,0.0,1.0,0.0,,nan,nan,0.07506550206898173,nan,0.0,,local_only,sliced,,200,sliced_wasserstein,False,,,False,False,proposed_local_persistence_proxy,100,proposed_local_persistence_proxy,,0.0,,20,,0.4,,,,,,,,,,,120,low,,,,0.2,1,,correlation,,,strong,,,,100,0.0,0.0,Proposed: local + persistence proxy,docs/experiment_plan.md §2.2,docs/experiment_plan.md,0.1827937465524398,0.0,0.0
0.0,,duplicate_peak_correlation,,0.0,nan,0.0,A7,0.0,1.0,0.0,,nan,nan,0.030255954544445716,nan,0.0,,,,,,,,,,,,,,coordinate_w2_matched_filter,,0.0,,20,,0.4,,,,,,,,,,,120,high,,,,0.2,0,,correlation,,,strong,,,,100,0.0,0.0,Coordinate-wise W2 + matched filter,"Cheng et al., arXiv:1911.01325",https://arxiv.org/abs/1911.01325,0.10626090849518066,0.0,0.0
0.0,,duplicate_peak_correlation,,0.0,nan,0.0,A7,0.0,1.0,0.0,,nan,nan,0.024810307973565315,nan,0.0,,,,,,,,,,,,,,mmd,,0.0,,20,,0.4,,,,,,,,,,,120,high,,,,0.2,0,,correlation,,,strong,,,,100,0.0,0.0,MMD window scan,"Gretton et al., A Kernel Two-Sample Test, JMLR 2012",https://www.jmlr.org/papers/v13/gretton12a.html,0.04118585625776634,0.0,0.0
0.0,,duplicate_peak_correlation,,0.0,nan,0.0,A7,0.0,1.0,0.0,,nan,nan,0.024810307973565315,nan,0.0,,,,,,,,,,,,,,window_rbf,,0.0,,20,,0.4,,,,,,,,,,,120,high,,,,0.2,0,,correlation,,,strong,,,,100,0.0,0.0,Window-based CPD,ruptures window method,https://centre-borelli.github.io/ruptures-docs/,0.04118585625776634,0.0,0.0
0.0,,duplicate_peak_correlation,,0.0,nan,0.0,A7,0.0,1.0,0.0,,nan,nan,0.09467638721361075,nan,0.0,,full,sliced,,200,sliced_wasserstein,False,,,True,True,proposed_full,100,proposed_full,,0.0,,20,,0.4,,,,,,,,,,,120,high,,,,0.2,0,,correlation,,,strong,,,,100,0.0,0.0,Proposed: local + prototypes + global refinement,docs/proposed_method.md §0,docs/proposed_method.md,0.1827937465524398,0.0,0.0
0.0,,duplicate_peak_correlation,,0.0,nan,0.0,A7,0.0,1.0,0.0,,nan,nan,0.09467638721361075,nan,0.0,,local_only,sliced,,200,sliced_wasserstein,False,,,False,False,proposed_local_persistence_proxy,100,proposed_local_persistence_proxy,,0.0,,20,,0.4,,,,,,,,,,,120,high,,,,0.2,0,,correlation,,,strong,,,,100,0.0,0.0,Proposed: local + persistence proxy,docs/experiment_plan.md §2.2,docs/experiment_plan.md,0.1827937465524398,0.0,0.0
0.0,,duplicate_peak_correlation,,0.0,nan,0.0,A7,0.0,1.0,0.0,,nan,nan,0.033694823965978546,nan,0.0,,,,,,,,,,,,,,coordinate_w2_matched_filter,,0.0,,20,,0.4,,,,,,,,,,,120,high,,,,0.2,1,,correlation,,,strong,,,,100,0.0,0.0,Coordinate-wise W2 + matched filter,"Cheng et al., arXiv:1911.01325",https://arxiv.org/abs/1911.01325,0.10626090849518066,0.0,0.0
0.0,,duplicate_peak_correlation,,0.0,nan,0.0,A7,0.0,1.0,0.0,,nan,nan,0.023496853660320737,nan,0.0,,,,,,,,,,,,,,mmd,,0.0,,20,,0.4,,,,,,,,,,,120,high,,,,0.2,1,,correlation,,,strong,,,,100,0.0,0.0,MMD window scan,"Gretton et al., A Kernel Two-Sample Test, JMLR 2012",https://www.jmlr.org/papers/v13/gretton12a.html,0.04118585625776634,0.0,0.0
0.0,,duplicate_peak_correlation,,0.0,nan,0.0,A7,0.0,1.0,0.0,,nan,nan,0.023496853660320737,nan,0.0,,,,,,,,,,,,,,window_rbf,,0.0,,20,,0.4,,,,,,,,,,,120,high,,,,0.2,1,,correlation,,,strong,,,,100,0.0,0.0,Window-based CPD,ruptures window method,https://centre-borelli.github.io/ruptures-docs/,0.04118585625776634,0.0,0.0
0.0,,duplicate_peak_correlation,,0.0,nan,0.0,A7,0.0,1.0,0.0,,nan,nan,0.07694396559626092,nan,0.0,,full,sliced,,200,sliced_wasserstein,False,,,True,True,proposed_full,100,proposed_full,,0.0,,20,,0.4,,,,,,,,,,,120,high,,,,0.2,1,,correlation,,,strong,,,,100,0.0,0.0,Proposed: local + prototypes + global refinement,docs/proposed_method.md §0,docs/proposed_method.md,0.1827937465524398,0.0,0.0
0.0,,duplicate_peak_correlation,,0.0,nan,0.0,A7,0.0,1.0,0.0,,nan,nan,0.07694396559626092,nan,0.0,,local_only,sliced,,200,sliced_wasserstein,False,,,False,False,proposed_local_persistence_proxy,100,proposed_local_persistence_proxy,,0.0,,20,,0.4,,,,,,,,,,,120,high,,,,0.2,1,,correlation,,,strong,,,,100,0.0,0.0,Proposed: local + persistence proxy,docs/experiment_plan.md §2.2,docs/experiment_plan.md,0.1827937465524398,0.0,0.0
,,recurring_regimes,,,,,A_regime,0.0,5.0,0.0,,nan,nan,,nan,,,,,,,,,hmmlearn is not installed. Install with `pip install hmmlearn`.,True,,,,,gaussian_hmm,,,,5,,,,,,,,,,,,,,,,,80,,0,,,,,,medium,,,,0.0,0.0,Gaussian HMM,hmmlearn GaussianHMM repository,https://github.com/hmmlearn/hmmlearn,,0.0,1.0
1.0,,recurring_regimes,334,,,,A_regime,0.33333333333333337,4.0,0.0,,14.0,14.0,0.5131197570599695,14.0,,,,,,,,,,,,,,,coordinate_w2_matched_filter,,1.0,,5,,,,,,,,,,,,,,,,,80,,0,,,,,,medium,,,,1.0,0.2,Coordinate-wise W2 + matched filter,"Cheng et al., arXiv:1911.01325",https://arxiv.org/abs/1911.01325,0.5124840683444076,1.0,0.0
1.0,0.29959202419225534,recurring_regimes,328,,,,A_regime,0.33333333333333337,4.0,0.0,0.5273159144893111,8.0,8.0,0.6386899074647814,8.0,,1.3836109023723437,full,sliced,,120,sliced_wasserstein,False,,,True,True,proposed_full,60,proposed_full,0.39793450848001055,1.0,,5,,,,,,,,,,,,,,,,,80,,0,,,,,,medium,,,,1.0,0.2,Proposed: local + prototypes + global refinement,docs/proposed_method.md §0,docs/proposed_method.md,0.6292591831328938,1.0,0.0
1.0,0.29959202419225534,recurring_regimes,328,,,,A_regime,0.33333333333333337,4.0,0.0,0.5273159144893111,8.0,8.0,0.6386899074647814,8.0,,1.3836109023723437,local_prototype_no_global,sliced,,120,sliced_wasserstein,False,,,False,True,proposed_local_proto_no_global,60,proposed_local_proto_no_global,0.39793450848001055,1.0,,5,,,,,,,,,,,,,,,,,80,,0,,,,,,medium,,,,1.0,0.2,"Proposed: local + prototypes, no global",docs/experiment_plan.md §2.2,docs/experiment_plan.md,0.6292591831328938,1.0,0.0
,0.17950608877908938,recurring_regimes,,,,,A_regime,,,,0.5154394299287411,,,,,,,,,,,,,,,,,,,rolling_feature_kmeans,0.2984729859567009,,,5,,,,,,,,,,,,,,,,,80,,0,,,,,,medium,,,,,,K-means on rolling features,docs/experiment_plan.md A_regime baseline,docs/experiment_plan.md,,,0.0
,,recurring_regimes,,,,,A_regime,0.0,5.0,0.0,,nan,nan,,nan,,,,,,,,,hmmlearn is not installed. Install with `pip install hmmlearn`.,True,,,,,gaussian_hmm,,,,5,,,,,,,,,,,,,,,,,80,,1,,,,,,medium,,,,0.0,0.0,Gaussian HMM,hmmlearn GaussianHMM repository,https://github.com/hmmlearn/hmmlearn,,0.0,1.0
1.0,,recurring_regimes,168,,,,A_regime,0.33333333333333337,4.0,0.0,,8.0,8.0,0.6029063236816572,8.0,,,,,,,,,,,,,,,coordinate_w2_matched_filter,,1.0,,5,,,,,,,,,,,,,,,,,80,,1,,,,,,medium,,,,1.0,0.2,Coordinate-wise W2 + matched filter,"Cheng et al., arXiv:1911.01325",https://arxiv.org/abs/1911.01325,0.6015991297372806,1.0,0.0
1.0,0.18861046410743518,recurring_regimes,159;320,,,,A_regime,0.5714285714285715,3.0,0.0,0.48931116389548696,0.5,1.0,0.6949114497502493,0.5,,1.369308592667669,full,sliced,,120,sliced_wasserstein,False,,,True,True,proposed_full,60,proposed_full,0.27438554544131183,2.0,,5,,,,,,,,,,,,,,,,,80,,1,,,,,,medium,,,,1.0,0.4,Proposed: local + prototypes + global refinement,docs/proposed_method.md §0,docs/proposed_method.md,0.6732512653289195,2.0,0.0
1.0,0.18861046410743518,recurring_regimes,80,,,,A_regime,0.33333333333333337,4.0,0.0,0.48931116389548696,0.0,0.0,0.6949114497502493,0.0,,1.369308592667669,local_prototype_no_global,sliced,,120,sliced_wasserstein,False,,,False,True,proposed_local_proto_no_global,60,proposed_local_proto_no_global,0.27438554544131183,1.0,,5,,,,,,,,,,,,,,,,,80,,1,,,,,,medium,,,,1.0,0.2,"Proposed: local + prototypes, no global",docs/experiment_plan.md §2.2,docs/experiment_plan.md,0.6732512653289195,1.0,0.0
,0.17411550840080398,recurring_regimes,,,,,A_regime,,,,0.4750593824228028,,,,,,,,,,,,,,,,,,,rolling_feature_kmeans,0.31649224532652653,,,5,,,,,,,,,,,,,,,,,80,,1,,,,,,medium,,,,,,K-means on rolling features,docs/experiment_plan.md A_regime baseline,docs/experiment_plan.md,,,0.0
